Cert ID,Brand,Model,Product Type,Standard,Standard Version,Model Version,Release Year,Testing Laboratory,Test Date,Product Link,Manual Link,Picture 1,Picture 2,Manufacturer Email
approved_gear_13,Aki Slacklines,Lynx 5,Webbing Locker,ISA:51,1.0,1,2021,"Siebert Consulting, Vienna, Austria",06.2021,https://aki-slacklines.de/en/hardware/weblocks/203/aki-lynx-5-webbing-locker,https://aki-slacklines.de/en/hardware/weblocks/203/aki-lynx-5-webbing-locker,https://www.slacklineinternational.org/wp-content/uploads/2023/07/Aki_Lynx5.0_1_01.jpg,https://www.slacklineinternational.org/wp-content/uploads/2023/07/Aki_Lynx5.0_1_02.jpg,info@aki-slacklines.de
approved_gear_5,Balance Community,Alpine Weblock 5,Webbing Locker,ISA:51,1.0,5,2020,"Siebert Consulting, Vienna, Austria",06.2020,https://www.balancecommunity.com/products/alpine-weblock-5,,https://www.slacklineinternational.org/wp-content/uploads/2023/07/BalanceCommunity_Alpine5.0_1_01.jpg,https://www.slacklineinternational.org/wp-content/uploads/2023/07/BalanceCommunity_Alpine5.0_1_02.jpg,info@balance-community.com
approved_gear_7,Balance Community,Wafer,Webbing Grab,ISA:61,1.0,1,2019,"Siebert Consulting, Vienna, Austria",06.2020,https://www.balancecommunity.com/products/wafer?variant=31265207484474,,https://www.slacklineinternational.org/wp-content/uploads/2026/09/wafer-hero.jpg,https://www.slacklineinternational.org/wp-content/uploads/2026/09/wafer-splice.jpg,info@balance-community.com
approved_gear_29,Balance Community,Wafer 2.0,Webbing Grab,ISA:61,2024,2,2025,"Siebert Consulting, Vienna, Austria",2024,https://www.balancecommunity.com/products/wafer-2-0?variant=39920846012474,https://www.balancecommunity.com/cdn/shop/files/Wafer-2.0-Manual-v1.5.pdf?v=13881911036479759168,https://www.slacklineinternational.org/wp-content/uploads/2026/04/BalanceCommunity_Wafer2.0_2_01.webp,https://www.slacklineinternational.org/wp-content/uploads/2026/04/BalanceCommunity_Wafer2.0_2_02.webp,info@balance-community.com
approved_gear_30,Balance Community,Wafer XL,Webbing Grab,ISA:61,2024,1,2025,"Siebert Consulting, Vienna, Austria",2024,https://www.balancecommunity.com/products/wafer-xl?variant=40456701870138,https://www.balancecommunity.com/cdn/shop/files/Wafer-XL-Manual-v1.3.pdf?v=16345089136561165735,https://www.slacklineinternational.org/wp-content/uploads/2026/04/BalanceCommunity_WaferXL_2_01.webp,https://www.slacklineinternational.org/wp-content/uploads/2026/04/BalanceCommunity_WaferXL_1_02.webp,info@balance-community.com
approved_gear_31,Balance Community,Loop,Leashring,ISA:37,2024,1,2025,"Siebert Consulting, Vienna, Austria",2024,https://www.balancecommunity.com/collections/leash-rings/products/bc-aluminum-leash-ring?variant=40773586190394,https://www.balancecommunity.com/cdn/shop/files/Loop-Manual-v1.3.pdf?v=6832458307453720302,https://www.slacklineinternational.org/wp-content/uploads/2026/05/BalanceCommunity_LOOP_1_1.webp,https://www.slacklineinternational.org/wp-content/uploads/2026/05/BalanceCommunity_LOOP_1_2.webp,info@balance-community.com
approved_gear_32,Balance Community,Threaded Highline Leash,Leash Teather,ISA:37,2024,1,2026,not needed,2025,https://www.balancecommunity.com/products/threaded-highline-leash-kit?variant=19289117589573,https://www.balancecommunity.com/cdn/shop/files/Loop-Manual-v1.3.pdf?v=6832458307453720302,https://www.slacklineinternational.org/wp-content/uploads/2026/04/BalanceCommunity_ThreadedHighlineLeash_1_01.webp,https://www.slacklineinternational.org/wp-content/uploads/2026/04/BalanceCommunity_ThreadedHighlineLeash_1_02.webp,info@balance-community.com
approved_gear_33,"Cong Gear / Shanghai Balance Sports Development Co., Ltd.",Path,Webbing - Sewn Loop,ISA:41,2026,1,2026,"Siebert Consulting, Vienna, Austria",2026,https://www.instagram.com/cong_gear/,https://drive.google.com/file/d/1xCVMeXOjyR8m8FacjDK1GF4hDiHC8NJz/view,https://www.slacklineinternational.org/wp-content/uploads/2026/09/path2.jpg,https://www.slacklineinternational.org/wp-content/uploads/2026/09/path.jpg,riodinho.x@gmail.com
approved_gear_28,Slack Inov,Zenlock,Webbing Locker,ISA:51,2024,1,2025,"Siebert Consulting, Vienna, Austria",2024,https://slack-inov.com/shop/fr/bananas/989-6420-zenlock-weblock-7616999009.html,https://slack-inov.com/shop/fr/index.php?controller=attachment&id_attachment=30,https://www.slacklineinternational.org/wp-content/uploads/2025/04/zenlock.jpg,https://www.slacklineinternational.org/wp-content/uploads/2025/04/zenlock2.jpg,development@slackit.it
approved_gear_12,SlackX,Orange,Webbing Locker,ISA:51,1.0,B1/B2,2020,"Siebert Consulting, Vienna, Austria",05.2021,https://slackx.eu/Products/Orange/,https://slackx.eu/.cm4all/uproc.php/0/Manual%20Orange%20v1.0.pdf?cdp=a&_=187fd373b20,https://www.slacklineinternational.org/wp-content/uploads/2023/07/Radrigs_Orange_B1-B2_01.jpg,https://www.slacklineinternational.org/wp-content/uploads/2023/07/Radrigs_Orange_B1-B2_02.jpg,info@slackx.eu
approved_gear_1,Slacktivity,Redtube Type A,Webbing,ISA:41:A,1.0,1,2018,"Siebert Consulting, Vienna, Austria",01.2020,https://www.slacktivity.com/redtube-30m-200m,https://slacktivity.ch/wp-content/uploads/2021/03/Manual-EN-Highline-Webbing-redTube-A-V1.pdf,https://www.slacklineinternational.org/wp-content/uploads/2023/07/Slacktivity_redTube_1_01.jpg,https://www.slacklineinternational.org/wp-content/uploads/2023/07/Slacktivity_redTube_1_02.jpg,info@slacktivity.ch
approved_gear_2,Slacktivity,Redtube Type A - Sewn Loops,Webbing - Sewn Loop,ISA:41,1.0,1,2018,"Siebert Consulting, Vienna, Austria",01.2020,https://www.slacktivity.com/redtube-30m-200m,https://slacktivity.ch/wp-content/uploads/2021/03/Manual-EN-Highline-Webbing-redTube-A-V1.pdf,https://www.slacklineinternational.org/wp-content/uploads/2023/07/Slacktivity_redTube_1_01.jpg,https://www.slacklineinternational.org/wp-content/uploads/2023/07/Slacktivity_redTube_1_02.jpg,info@slacktivity.ch
approved_gear_3,Slacktivity,HighlineRing,Leashring,ISA:37,1.0,1,2019,not needed,01.2020,https://www.slacktivity.com/highlinering,httpa://slacktivity.ch/wp-content/uploads/2021/03/Manual-EN-Highline-Leash-V1.pdf,https://www.slacklineinternational.org/wp-content/uploads/2023/07/Slacktivity_HighlineRing_1_01.jpg,https://www.slacklineinternational.org/wp-content/uploads/2023/07/Slacktivity_HighlineRing_1_02.jpg,info@slacktivity.ch
approved_gear_4,Slacktivity,HighlineLeash,Leash Teather,ISA:37,1.0,1,2019,"Siebert Consulting, Vienna, Austria",01.2020,https://slacktivity.com/shop/highline-leash/,httpa://slacktivity.ch/wp-content/uploads/2021/03/Manual-EN-Highline-Leash-V1.pdf,https://www.slacklineinternational.org/wp-content/uploads/2023/07/Slacktivity_HighlineLeash_1_01.jpg,https://www.slacklineinternational.org/wp-content/uploads/2023/07/Slacktivity_HighlineLeash_1_02.jpg,info@slacktivity.ch
approved_gear_6,Slacktivity,Seahorse,Webbing Locker,ISA:51,1.0,1.5,2019,"Siebert Consulting, Vienna, Austria",06.2020,https://www.slacktivity.com/seahorse-dp,http://slacktivity.ch/wp-content/uploads/2021/03/Manual-EN-Highline-Weblock-seaHorse-1-5-V4.pdf,https://www.slacklineinternational.org/wp-content/uploads/2023/07/Slacktivity_seaHorse_1_01.jpg,https://www.slacklineinternational.org/wp-content/uploads/2023/07/Slacktivity_seaHorse_1_02.jpg,info@slacktivity.ch
approved_gear_8,Slacktivity,Pinktube,Webbing,ISA:41:C,1.0,1,2020,"Siebert Consulting, Vienna, Austria",04.2020,https://slacktivity.com/shop/pinktube-slackline-tubular-webbing/,https://slacktivity.com/wp-content/uploads/2022/02/Manual-EN-HighlineWebbing-pinkTube-A-V1-1.pdf,https://www.slacklineinternational.org/wp-content/uploads/2023/07/Slacktivity_Pinktube_1_01.jpg,https://www.slacklineinternational.org/wp-content/uploads/2023/07/Slacktivity_Pinktube_1_02.jpg,info@slacktivity.ch
approved_gear_14,Slacktivity,LSD,Webbing,ISA:41:C,2023,1,2023,"Siebert Consulting, Vienna, Austria",2022,https://slacktivity.com/shop/lsdtube-webbing/,https://slacktivity.com/wp-content/uploads/2022/06/Manual-EN-Highline-Webbing-LSDTube-V1.pdf,https://www.slacklineinternational.org/wp-content/uploads/2023/07/Slacktivity_LSD_1_01.jpg,https://www.slacklineinternational.org/wp-content/uploads/2023/07/Slacktivity_LSD_1_02.jpg,info@slacktivity.ch
approved_gear_15,Slacktivity,LSD - Sewn Loops,Webbing - Sewn Loop,ISA:41,2023,1,2023,"Siebert Consulting, Vienna, Austria",2022,https://slacktivity.com/shop/lsdtube-webbing/,https://slacktivity.com/wp-content/uploads/2022/06/Manual-EN-Highline-Webbing-LSDTube-V1.pdf,https://www.slacklineinternational.org/wp-content/uploads/2023/07/Slacktivity_LSD_1_01.jpg,https://www.slacklineinternational.org/wp-content/uploads/2023/07/Slacktivity_LSD_1_02.jpg,info@slacktivity.ch
approved_gear_16,Slacktivity,LSD - Intermittent Connection,Webbing - Intermittent Connection,ISA:41,2023,1,2023,"Siebert Consulting, Vienna, Austria",2022,https://slacktivity.com/shop/lsdtube-webbing/,https://slacktivity.com/wp-content/uploads/2022/06/Manual-EN-Highline-Webbing-LSDTube-V1.pdf,https://www.slacklineinternational.org/wp-content/uploads/2023/07/Slacktivity_LSD_1_01.jpg,https://www.slacklineinternational.org/wp-content/uploads/2023/07/Slacktivity_LSD_1_02.jpg,info@slacktivity.ch
approved_gear_17,Slacktivity,Marathon,Webbing,ISA:41:A+,2023,1,2023,"Siebert Consulting, Vienna, Austria",2022,https://slacktivity.com/shop/marathon-1-inch-slackline/,https://slacktivity.com/wp-content/uploads/2023/05/Manual-EN-Highline-Webbing-Marathon-V1.pdf,https://www.slacklineinternational.org/wp-content/uploads/2023/07/Slacktivity_Marathon_1_01.jpg,https://www.slacklineinternational.org/wp-content/uploads/2023/07/Slacktivity_Marathon_1_02.jpg,info@slacktivity.ch
approved_gear_18,Slacktivity,Marathon - Sewn Loops,Webbing - Sewn Loop,ISA:41,2023,1,2023,"Siebert Consulting, Vienna, Austria",2022,https://slacktivity.com/shop/marathon-1-inch-slackline/,https://slacktivity.com/wp-content/uploads/2023/05/Manual-EN-Highline-Webbing-Marathon-V1.pdf,https://www.slacklineinternational.org/wp-content/uploads/2023/07/Slacktivity_Marathon_1_01.jpg,https://www.slacklineinternational.org/wp-content/uploads/2023/07/Slacktivity_Marathon_1_02.jpg,info@slacktivity.ch
approved_gear_19,Slacktivity,Marathon - Intermittent Connection,Webbing - Intermittent Connection,ISA:41,2023,1,2023,"Siebert Consulting, Vienna, Austria",2022,https://slacktivity.com/shop/marathon-1-inch-slackline/,https://slacktivity.com/wp-content/uploads/2023/05/Manual-EN-Highline-Webbing-Marathon-V1.pdf,https://www.slacklineinternational.org/wp-content/uploads/2023/07/Slacktivity_Marathon_1_01.jpg,https://www.slacklineinternational.org/wp-content/uploads/2023/07/Slacktivity_Marathon_1_02.jpg,info@slacktivity.ch
approved_gear_20,Slacktivity,Y2K,Webbing,ISA:41:A,2023,1,2023,"Siebert Consulting, Vienna, Austria",2022,https://slacktivity.com/shop/y2k-high-tech-slackline-webbing/,https://slacktivity.com/wp-content/uploads/2023/05/Manual-EN-Highline-Webbing-Y2K-V1.pdf,https://www.slacklineinternational.org/wp-content/uploads/2023/07/Slacktivity_Y2K_1_01.jpg,https://www.slacklineinternational.org/wp-content/uploads/2023/07/Slacktivity_Y2K_1_02.jpg,info@slacktivity.ch
approved_gear_21,Slacktivity,Y2K - Sewn Loops,Webbing - Sewn Loop,ISA:41:A,2023,1,2023,"Siebert Consulting, Vienna, Austria",2022,https://slacktivity.com/shop/y2k-high-tech-slackline-webbing/,https://slacktivity.com/wp-content/uploads/2023/05/Manual-EN-Highline-Webbing-Y2K-V1.pdf,https://www.slacklineinternational.org/wp-content/uploads/2023/07/Slacktivity_Y2K_1_01.jpg,https://www.slacklineinternational.org/wp-content/uploads/2023/07/Slacktivity_Y2K_1_02.jpg,info@slacktivity.ch
approved_gear_22,Slacktivity,Y2K - Intermittent Connection,Webbing - Intermittent Connection,ISA:41:A,2023,1,2023,"Siebert Consulting, Vienna, Austria",2022,https://slacktivity.com/shop/y2k-high-tech-slackline-webbing/,https://slacktivity.com/wp-content/uploads/2023/05/Manual-EN-Highline-Webbing-Y2K-V1.pdf,https://www.slacklineinternational.org/wp-content/uploads/2023/07/Slacktivity_Y2K_1_01.jpg,https://www.slacklineinternational.org/wp-content/uploads/2023/07/Slacktivity_Y2K_1_02.jpg,info@slacktivity.ch
approved_gear_23,Slacktivity,Pinktube,Webbing,ISA:41:C,2020,1,2023,"Siebert Consulting, Vienna, Austria",2020,https://slacktivity.com/shop/pinktube-slackline-tubular-webbing/,https://slacktivity.com/wp-content/uploads/2022/02/Manual-EN-HighlineWebbing-pinkTube-A-V1-1.pdf,https://www.slacklineinternational.org/wp-content/uploads/2023/07/Slacktivity_Pinktube_1_01.jpg,https://www.slacklineinternational.org/wp-content/uploads/2023/07/Slacktivity_Pinktube_1_02.jpg,info@slacktivity.ch
approved_gear_24,Slacktivity,Pinktube - Sewn Loops,Webbing - Sewn Loop,ISA:41,2020,1,2023,"Siebert Consulting, Vienna, Austria",2020,https://slacktivity.com/shop/pinktube-slackline-tubular-webbing/,https://slacktivity.com/wp-content/uploads/2022/02/Manual-EN-HighlineWebbing-pinkTube-A-V1-1.pdf,https://www.slacklineinternational.org/wp-content/uploads/2023/07/Slacktivity_Pinktube_1_01.jpg,https://www.slacklineinternational.org/wp-content/uploads/2023/07/Slacktivity_Pinktube_1_02.jpg,info@slacktivity.ch
approved_gear_25,Slacktivity,Pinktube - Intermittent Connection,Webbing - Intermittent Connection,ISA:41,2020,1,2023,"Siebert Consulting, Vienna, Austria",2020,https://slacktivity.com/shop/pinktube-slackline-tubular-webbing/,https://slacktivity.com/wp-content/uploads/2022/02/Manual-EN-HighlineWebbing-pinkTube-A-V1-1.pdf,https://www.slacklineinternational.org/wp-content/uploads/2023/07/Slacktivity_Pinktube_1_01.jpg,https://www.slacklineinternational.org/wp-content/uploads/2023/07/Slacktivity_Pinktube_1_02.jpg,info@slacktivity.ch
approved_gear_26,Slacktivity,Pinktube - Intermittent Connection,Webbing - Intermittent Connection,ISA:41,2020,1,2023,"Siebert Consulting, Vienna, Austria",2020,https://slacktivity.com/shop/pinktube-slackline-tubular-webbing/,https://slacktivity.com/wp-content/uploads/2022/02/Manual-EN-HighlineWebbing-pinkTube-A-V1-1.pdf,https://www.slacklineinternational.org/wp-content/uploads/2023/07/Slacktivity_Pinktube_1_01.jpg,https://www.slacklineinternational.org/wp-content/uploads/2023/07/Slacktivity_Pinktube_1_02.jpg,info@slacktivity.ch
approved_gear_27,Slacktivity,KingPin - Aluminium Pushpin Shackle,Connector,ISA:52,2023,2,2023,"Siebert Consulting, Vienna, Austria",2023,https://slacktivity.com/shop/kingpin-aluminium-shackle/,https://slacktivity.com/wp-content/uploads/2021/02/Manual-EN-KingPin-V1.pdf,https://www.slacklineinternational.org/wp-content/uploads/2024/02/Slacktivity_KingPinShackle_1_01.jpg,https://www.slacklineinternational.org/wp-content/uploads/2024/02/Slacktivity_KingPinShackle_1_02.jpg,info@slacktivity.ch
approved_gear_9,raed Slacklines,HALO leash ring,Leashring,ISA:37,1.0,1,2021,"BLOCK Materialprüfungsgesellschaft, Berlin, Germany",04.2021,https://raed-slacklines.com/halo-titanium-highline-leash-ring,https://raed-slacklines.com/media/attachment/file/r/a/raed-leash-manual.pdf,https://www.slacklineinternational.org/wp-content/uploads/2023/07/raed_halo_1_01.jpg,https://www.slacklineinternational.org/wp-content/uploads/2023/07/raed_halo_1_02.jpg,info@raed-slacklines.com
approved_gear_10,raed Slacklines,PRO leash,Leash,ISA:37,1.0,1,2021,"BLOCK Materialprüfungsgesellschaft, Berlin, Germany",04.2021,https://raed-slacklines.com/pro-leash-set,https://raed-slacklines.com/media/attachment/file/r/a/raed-leash-manual.pdf,https://raed-slacklines.com/media/catalog/product/cache/80d417dc14c830b3202247f531338ea1/r/a/raed-pro-highline-leash-set_1.jpg,,info@raed-slacklines.com
approved_gear_11,raed Slacklines,ALPINE leash,Leash,ISA:37,1.0,1,2021,"BLOCK Materialprüfungsgesellschaft, Berlin, Germany",04.2021,https://raed-slacklines.com/alpine-leash-set,https://raed-slacklines.com/media/attachment/file/r/a/raed-leash-manual.pdf,https://raed-slacklines.com/media/catalog/product/cache/80d417dc14c830b3202247f531338ea1/r/a/raed-alpine-highline-leash-set.jpg,,info@raed-slacklines.com