id,title,url,site,published,category,content type,language,gear mentioned,tags,added by,created
388,Aki Polar ALB sewn loop vs. slackline weblock Zilla 3,https://www.youtube.com/watch?v=Bp1RXInIWS8,,2021-03-12,Knowledge,Video,English,Zilla 3.0; Polar,break test; sewn loop,Nir Avneyon,2021-03-30T22:09:49Z
387,DIY TreePRO,https://raed-slacklines.com/media/attachment/file/r/a/raed-diy-treepro.pdf,Raed Slacklines,,Knowledge,Article; Document,English,,diy; tree pro; tree; tree protector; tree protection,Nir Avneyon,2021-03-30T21:19:45Z
386,Break loads of sewn slackline loops in combination with soft shackles,https://aki-slacklines.de/en/blog/detail/sCategory/52/blogArticle/3,Aki Slacklines,2020-04-17,Knowledge,Article; Chart,English,Polar; White Magic; Wizard; Sonic 2.0; Wave Tube,break test; sewn loop; soft shackles; quicklinks; segmented webbing,Nir Avneyon,2020-04-20T10:10:20Z
385,How to weave spacenets,https://www.youtube.com/watch?v=KwLtzfuwzos,,2019-11-05,Knowledge,Video,English,,spacenet; weave,Nir Avneyon,2019-11-08T18:36:19Z
384,Fixe glue in with Hilti 500 v3 - climbing and highline bolt break tests,https://www.youtube.com/watch?v=A5y3XFTrl6Q,HowNOTtoHIGHLINE,2019-11-01,Knowledge,Video,English,,fixe glue in; glue in; bolting; break test,Nir Avneyon,2019-11-08T18:31:26Z
383,Taping segmented highlines,https://www.youtube.com/watch?v=lIXUh7s6rG0,,2019-10-29,Knowledge,Video,English,,taping; segmented webbing; inov split,Nir Avneyon,2019-11-08T18:28:16Z
382,Glue in holes not cleaned. Wave bolts in AC100 glue tension tests,https://www.youtube.com/watch?v=MZJt41pydos,HowNOTtoHIGHLINE,2019-10-21,Knowledge,Video,English,,glue in; break test,Nir Avneyon,2019-11-08T18:25:31Z
381,Wave bolts in AC100 glue tension break tests,https://www.youtube.com/watch?v=MamiCfURMr8,,2019-10-11,Knowledge,Video,English,,wave bolts; bolting; break test; concrete,Nir Avneyon,2019-11-08T18:23:54Z
380,Climbing and highline break test,https://www.youtube.com/watch?v=iXj_GCJKXjs&t=294s,HowNOTtoHIGHLINE,2019-10-01,Knowledge,Video,English,,break test; hanger; bolting; concrete,Nir Avneyon,2019-11-08T18:20:04Z
379,Climbing and highlining bolt break tests,https://www.youtube.com/watch?v=8_YWwlNMQuc,HowNOTtoHIGHLINE,2019-09-28,Knowledge,Video,English,,bolting; break test; shear; shear strength,Nir Avneyon,2019-11-08T18:18:51Z
378,Welded climbing hanger break test,https://www.youtube.com/watch?v=1HxQOxoTltw,HowNOTtoHIGHLINE,2019-09-22,Knowledge,Video,English,,break test; bolting; hanger,Nir Avneyon,2019-11-08T18:16:23Z
377,Rope Swing Break Test Slow Motion,https://www.youtube.com/watch?v=fU8USjRlIyo,HowNOTtoHIGHLINE,2019-08-27,Knowledge,Video,English,,rope swing; break test,Nir Avneyon,2019-11-08T18:12:26Z
376,How to drill wedge anchors and glue in epoxy bolts,https://www.youtube.com/watch?v=-5ITgPNonEA,HowNOTtoHIGHLINE,2019-08-13,Knowledge,Video,English,,bolting; epoxy; glue in,Nir Avneyon,2019-11-08T18:10:43Z
375,Soft shackle break tests in slow motion! Plasma vs Amsteel (Dyneema) button knot soft shackles,https://www.youtube.com/watch?v=7TGwkWBYgX8,HowNOTtoHIGHLINE,2019-08-06,Knowledge,Video,English,,dyneema; amsteel; soft shackles; button knot,Nir Avneyon,2019-11-08T18:07:58Z
374,Breaking strength reduction in highlines caused by UV-light exposure,https://www.slacktivity.com/amfile/file/download/file/98/product/2085/,Slacktivity,2019-10-29,Knowledge,Article,English,Marathon; Half-Marathon; PinkTube; RedTUBE; Y2K,mbs; reduction; break test; wear,Nir Avneyon,2019-11-08T17:51:23Z
373,Used MCfly webbing breaking test,https://docs.google.com/file/d/1bFbhZBWp4x0TPahFDssX9cszY96wC7zx/view,,2019-05-31,Knowledge,Article,English,McFly,,Nir Avneyon,2019-08-12T21:59:35Z
372,Soft shackles on slackline sewn loops,https://www.youtube.com/watch?v=ztPqxfyFL08,,2019-05-28,Knowledge,Video,English,,quicklinks; soft shackles; break test; tension; sewn loop,Nir Avneyon,2019-08-03T12:16:53Z
371,Fishing Line Strength - What do you need to tag your highlines,https://www.youtube.com/watch?v=0eRFPAxnEUI,HowNOTtoHIGHLINE,2019-06-04,Knowledge,Video,English,,fishing line; break test; tagline,Nir Avneyon,2019-08-03T12:15:47Z
370,How does dirt affect your slackline webbing,https://www.youtube.com/watch?v=X6Wa2udjT7M,HowNOTtoHIGHLINE,2019-06-11,Knowledge,Video,English,,dirty; break test; webbing,Nir Avneyon,2019-08-03T12:14:40Z
369,Highline rescues,https://www.youtube.com/watch?v=OrbOvY_kMCg,,2019-06-18,Knowledge,Video,English,,,Nir Avneyon,2019-08-03T12:13:10Z
368,Arc'teryx 395A Harness Break Test,https://www.youtube.com/watch?v=j6r7jWWXHdk,,2019-06-25,Knowledge,Video,English,,harness; break test,Nir Avneyon,2019-08-03T12:12:14Z
367,Inov Split break tests. Are segmented highline connections safe,https://www.youtube.com/watch?v=3sCTTSQTRCo,HowNOTtoHIGHLINE,2019-07-02,Knowledge,Video,English,Lift; Spider Silk MKII; Mantra MK4: Flight,break test; segmented webbing; connection; load; dyneema,Nir Avneyon,2019-08-03T12:09:55Z
366,Sewn Loop Patterns on webbing break test,https://www.youtube.com/watch?v=BCmSw0D1KqY,HowNOTtoHIGHLINE,2019-07-16,Knowledge,Video,English,,break test; tension; webbing; load; criss cross; rectangle; bartacks; diamond; box,Nir Avneyon,2019-08-03T12:06:41Z
365,Black diamond carabiner break tests in slow motion,https://www.youtube.com/watch?v=Y81wLu1pzgg,HowNOTtoHIGHLINE,2019-07-30,Knowledge,Video,English,,break test; metal; carabiner; load,Nir Avneyon,2019-08-03T12:03:42Z
364,Salt effect on webbing,https://www.facebook.com/groups/slackchat/permalink/2909324169141441/,,2019-07-30,Knowledge,Article,English,PinkTube,salt; webbing; field test; break test,Nir Avneyon,2019-08-03T11:39:31Z
363,Highline leashes break,https://www.youtube.com/watch?v=TIPxuJ22bbc,HowNOTtoHIGHLINE,2019-04-23,Knowledge,Video,English,,leash; leash ring; break test,Nir Avneyon,2019-05-13T10:13:42Z
362,"200 meter long highline failure, continuous line vs modular line",https://www.youtube.com/watch?v=j0ZJjZ9ybkc,HowNOTtoHIGHLINE,2019-04-16,Knowledge,Video,English,Spider Silk MKII; PinkTube; Feather Pro,rigging; tagline; mainline; mainline failure; static shock; aberration; field test,Nir Avneyon,2019-05-13T09:46:25Z
361,Volcano ground anchors for highlining,https://www.youtube.com/watch?v=TZtsUUhAeZs,HowNOTtoHIGHLINE,2019-04-09,Knowledge,Video,English,,anchor; rigging; bolting; volcanic rock; field test,Nir Avneyon,2019-05-13T09:37:59Z
360,Glue in bolt example for highlines and climbing,https://www.youtube.com/watch?v=N4BAMcrJno4,HowNOTtoHIGHLINE,2019-04-02,Knowledge,Video,English,,bolting; load; load distribution; equalization; real life example; rock quality,Nir Avneyon,2019-05-13T09:33:27Z
359,Break testing the Souz Slackline leash protector,https://www.youtube.com/watch?v=9fBkTmdXouU,HowNOTtoHIGHLINE,2019-05-07,Review; Knowledge,Video,English,Leash Protector,break test; leash; figure eight knot; leash ring,Nir Avneyon,2019-05-13T09:03:06Z
358,14 tests on triangle bolting patterns for highline anchors,https://www.youtube.com/watch?v=VwdH20IlzEA,HowNOTtoHIGHLINE,2019-03-12,Knowledge,Video,English,,bolting; pattern; bolts configuration; equalization; rigging; redundancy; sliding x; bfk,Nir Avneyon,2019-03-29T20:56:38Z
357,Forces on a slackline space net perimeter,https://www.youtube.com/watch?v=DMW68m1XOSk,HowNOTtoHIGHLINE,2019-03-26,Knowledge,Video,English,Frog; Spider Silk MKII; Feather Pro,spacenet; space net; dynamometer; field test; rigging; tension; dyneema,Nir Avneyon,2019-03-29T20:52:29Z
356,Forces inside of a slackline block and tackle pulley. Does a 5:1 distribute the load evenly?,https://www.youtube.com/watch?v=pht3cO_U8T0,HowNOTtoHIGHLINE,2019-02-26,Knowledge,Video,English,,pulley system; forces; field test; dynamometer; tension; load; load distribution,Nir Avneyon,2019-03-11T19:21:34Z
355,Tying a button knot soft shackle WITH break tests,https://www.youtube.com/watch?v=91_jEjQdlBU,HowNOTtoHIGHLINE,2019-03-05,Knowledge,Video,English,,break test; dyneema; forces; tension; soft shackles; button knot; splicing,Nir Avneyon,2019-03-11T18:25:29Z
354,Damaged webbing strength test,https://slacklineitalia.com/blog-slackline/test-di-rottura-su-fettucce-rovinate-interessante-slacknerd,,2019-02-14,Knowledge,Article; Video,Italian,,break test; webbing; damaged gear; breaking,Nir Avneyon,2019-02-24T21:33:02Z
353,Highline glue in bolt installation example - GGBY spacenet,https://www.youtube.com/watch?v=1d95EO-L-cc,HowNOTtoHIGHLINE,2019-02-12,Knowledge,Video,English,,bolting; bolts configuration; glue in; drill; rigging; spanset; rigging example; real life example; sandstone,Nir Avneyon,2019-02-24T21:03:13Z
352,Slack Inov Split Test - Connecting multiple highlines together made easy,https://www.youtube.com/watch?v=E8ClG7nPKZE,HowNOTtoHIGHLINE,2019-02-19,Knowledge,Video,English,PinkTube,highline; connection; multi webbing; sections; modular; backup,Nir Avneyon,2019-02-24T20:58:00Z
351,How do you build a slackline spacenet,https://www.youtube.com/watch?v=L7vDC_i-56E,HowNOTtoHIGHLINE,2019-02-05,Knowledge,Video,English,,spanset; rigging; load; triload,Nir Avneyon,2019-02-08T10:02:12Z
350,What is the best way to connect multiple highlines together?,https://www.youtube.com/watch?v=gkNP5AMh5HU,HowNOTtoHIGHLINE,2019-01-29,Knowledge,Video,English,,modular; webbing; rigging; highline; backup; mainline; split,Nir Avneyon,2019-02-02T20:46:29Z
349,How to set up slacklines without trees,https://subscene.com/subtitles/peaky-blinders-second-season,HowNOTtoHIGHLINE,2019-01-15,Knowledge,Video,English,,tree; treeless; rigging; lag bolts; anchor; sliding x; cascading anchor,Nir Avneyon,2019-01-24T22:37:33Z
348,What is the perfect bolt pattern for highlining?,https://www.youtube.com/watch?v=vBs7FqwRpBM,HowNOTtoHIGHLINE,2019-01-22,Knowledge,Video,English,,equilateral triangles; bolting; pattern; rigging; tension; load; field test; bolts configuration; cascading anchor; bfk,Nir Avneyon,2019-01-24T22:30:09Z
347,Linegrip break test in slow motion,https://www.youtube.com/watch?v=bhlC7v0Ggj8,HowNOTtoHIGHLINE,2019-01-08,Knowledge,Video,English,Type 18 MKII,linegrip; break test; tension; mbs,Nir Avneyon,2019-01-09T16:32:08Z
346,Highline anchors with whoopie slings,https://www.youtube.com/watch?v=_pofFSO476U,HowNOTtoHIGHLINE,2018-12-25,Knowledge,Video,English,,whoopies; dyneema; dynamometer; bfk; sling; field test,Nir Avneyon,2018-12-28T12:53:46Z
345,Tear it up - Knots strength in webbing,https://www.slacktivity.com/default/slackline-infos/tear-it-up-knots-in-webbing/,Slacktivity,2018-12-13,Knowledge,Article; Chart,English,RedTUBE; PinkTube; Black-White; Half-Marathon; Y2K; Marathon; SeaHorse DP 1,knots; mbs; breaking; break test; tension; frost knot; figure eight knot; figure nine; double fisherman; barrel knot; bowline knot; overhand knot; clove hitch knot; girth hitch; alpine butterfly; webbing,Nir Avneyon,2018-12-22T17:00:43Z
344,Equalization is NOT a myth - new bolt pattern to make sliding x highline anchors equalize,https://m.youtube.com/watch?v=Gnhcvqr6IVQ,HowNOTtoHIGHLINE,2018-12-11,Knowledge,Video,English,,sliding x; equalization; rigging; bolting; field test,Nir Avneyon,2018-12-13T22:41:53Z
343,How much weight can a Mavic Air & DJI Spark haul to tag a highline,https://www.youtube.com/watch?v=Dv3Z8Wkoly4,HowNOTtoHIGHLINE,2018-12-04,Knowledge,Video,English,,drone; rigging; tagline,Nir Avneyon,2018-12-07T16:34:23Z
342,Parallel Redundancy. Can we get 2x the strength with 2 webbings?,https://www.youtube.com/watch?v=yCk4bnx_yDM,HowNOTtoHIGHLINE,2018-11-20,Knowledge,Video,English,Type 18 MKII; Parsec,strength; breaking; parallel redundancy; break test; field test,Nir Avneyon,2018-11-27T21:39:00Z
341,PinkTube Friction damage test,https://www.facebook.com/SLACKTIVITY/videos/vb.203069149820796/505706789912899/?type=2&theater,Slacktivity (Youtube/Facebook),2018-11-22,Knowledge,Video,English,PinkTube,friction; break test; test; sharp; tension; abrasion,Nir Avneyon,2018-11-27T21:35:38Z
340,Slackline tensioning experiment - Buckingham Palace,https://www.youtube.com/watch?v=2ENgKRR6SQ8,HowNOTtoHIGHLINE,2018-11-13,Knowledge,Video,English,LineGrip Alu G4; HangOver-S; Hangover 2.0,tension; forces; field test; buckingham; pulley; dynamometer; multiplier; linegrip,Nir Avneyon,2018-11-14T19:03:40Z
339,Learn how to Highline in 5 Steps,https://www.youtube.com/watch?v=f2ucavit0Ac,Slacktivity (Youtube/Facebook),2018-03-21,Knowledge,Video,English,,skills; highline; guide; mount; sag; chongo; sit mount; mantle mount; leash; leash cimbing,Nir Avneyon,2018-11-13T20:11:50Z
338,How to Handstand on a Slackline,https://www.youtube.com/watch?v=3u2vN9DQmzg,Slacktivity (Youtube/Facebook),2018-08-15,Knowledge,Video,English,,handstand; guide; balance; trick,Nir Avneyon,2018-11-13T20:07:39Z
337,Slacktivity Type C backup connection,https://www.youtube.com/watch?v=xu1ooIas4e0,Slacktivity (Youtube/Facebook),2018-11-12,Knowledge,Video,English,PinkTube; SeaHorse DP 1.5,rigging; backup; sewn; field test; tension,Nir Avneyon,2018-11-13T19:26:32Z
336,Forces on anchors and leashes on a big 292 meter highline,https://www.youtube.com/watch?v=u_OL3j_fS88,HowNOTtoHIGHLINE,2018-10-30,Knowledge,Video,English,Spider Silk MKII; Feather Pro,forces; dynamometer; field test; highline,Nir Avneyon,2018-11-05T21:04:15Z
335,Things to know about rock types before installing highline bolts,https://www.youtube.com/watch?v=5dhtNg6cCks,HowNOTtoHIGHLINE,2018-10-23,Knowledge,Video,English,,bolting; rigging; loose rocks; rock quality; drill; glue in,Nir Avneyon,2018-10-24T20:34:04Z
334,How to derig a highline,https://www.youtube.com/watch?v=b0yKpnIDZxo,HowNOTtoHIGHLINE,2018-08-08,Knowledge,Video,English,,derigging; rigging; rigging example; real life example,Nir Avneyon,2018-10-17T15:59:03Z
333,How I built my 222KN break test machine,https://www.youtube.com/watch?v=3t8FGhjQwNQ,HowNOTtoHIGHLINE,2018-07-11,Knowledge,Video,English,,pulley; break test; breaking; dyneema; tree pro,Nir Avneyon,2018-10-17T15:40:43Z
332,Break testing sewn loops on slackline webbing,https://www.youtube.com/watch?v=YWYLRzNIw-g,HowNOTtoHIGHLINE,2018-08-01,Knowledge,Video,English,Type 18 MKII,break test; sewn loop; webbing; weblock; bar tack,Nir Avneyon,2018-10-17T15:31:10Z
331,When and where should we bolt highlines,https://www.youtube.com/watch?v=y_Z1dsIcJOA,HowNOTtoHIGHLINE,2018-08-22,Knowledge,Video,English,,bolting; rigging,Nir Avneyon,2018-10-17T15:09:21Z
330,Can fiber reinforced tape break your highlines,https://www.youtube.com/watch?v=4mvJtpqcK1s,HowNOTtoHIGHLINE,2018-08-29,Knowledge,Video,English,,tape; break test; reinforced tape; rigging; taping,Nir Avneyon,2018-10-17T15:06:26Z
329,How much FORCE does your LEASH have when you fall off a highline,https://www.youtube.com/watch?v=gzHNB_s2Rrs,HowNOTtoHIGHLINE,2018-09-19,Knowledge,Video,English,,field test; tension; shockload; load; leash; leash fall; dynamometer,Nir Avneyon,2018-10-17T15:01:20Z
328,Slacksnap teaser - 3D printed webbing grip,https://www.youtube.com/watch?v=Du9GYXcidzg,HowNOTtoHIGHLINE,2018-10-06,Knowledge,Video,English,,break test; 3d printer; tension; dyneema,Nir Avneyon,2018-10-17T14:59:25Z
327,Break testing the Snatch linegrip - SlackSnap,https://www.youtube.com/watch?v=X8DHbV0D1w0,HowNOTtoHIGHLINE,2018-10-17,Review; Knowledge; Purchase guide,Video,English,Snatch 2.2; Moonwalk; McFly; Spider Silk MKII,linegrip; tension; break test; breaking; slippage; rigging,Nir Avneyon,2018-10-17T14:50:12Z
326,SlackSnap: Woodgrip vs Linegrip,https://www.youtube.com/watch?v=9OmZbYBtI5I,HowNOTtoHIGHLINE,2018-08-14,Knowledge; Purchase guide; Gear introduction,Video,English,LineGrip Alu G4,linegrip; rigging; comparison,Nir Avneyon,2018-08-16T21:48:56Z
325,Slackline Weblock Fail (Tail Walk),https://www.facebook.com/slacklineinternational/videos/1047737738738261,International Slackline Association,2018-08-11,Info,Video,English,,tail walk; slippage; rigging; safety; tension; cyclic load; knot,Nir Avneyon,2018-08-16T21:46:26Z
324,Ultimate Buying Guide 3 of 3 - Rigging a highline safely with minimal gear,https://www.youtube.com/watch?v=Wv_NISU0Vqk,HowNOTtoHIGHLINE,2018-07-03,Knowledge,Video,English,,minimal; safety; gear; purchase guide; rigging,Nir Avneyon,2018-07-06T11:16:14Z
323,Ultimate Buying Guide 2 of 3 - Set up a long slackline with minimal highline gear,https://www.youtube.com/watch?v=-h5oQHX6Lh4,HowNOTtoHIGHLINE,2018-06-26,Review; Purchase guide,Video,English,LineGrip Alu G4; Hangover 2.0,purchase guide; buying; gear; minimal; highline; leash,Nir Avneyon,2018-07-03T16:35:51Z
322,Ultimate Buying Guide 1 of 3 - Minimalist gear for slacklining and highlining,https://www.youtube.com/watch?v=V43waXlR3_g,HowNOTtoHIGHLINE,2018-06-12,Knowledge; Purchase guide,Video,English,Feather; Feather Pro; Sky Pilot (Green/Orange); LineGrip Alu G4,purchase guide; buy; gear; soft release; tagline; quicklinks,Nir Avneyon,2018-07-03T16:33:57Z
321,Weblock webbing slippage visualization,https://www.facebook.com/slacklineinternational/videos/971508539694515,International Slackline Association,2018-05-17,Knowledge,Article; Video,English,,webbing; slippage; rigging,Nir Avneyon,2018-07-03T16:22:08Z
320,Wet webbing VS dry webbing,https://www.facebook.com/groups/slackchat/permalink/2035626166511250/,Slacktivity (Youtube/Facebook),2018-06-26,Knowledge,Article; Chart,English,PinkTube,break test; dry; wet; webbing; stretch; waterline,Nir Avneyon,2018-07-03T16:04:18Z
319,Forces on a Slackline Anchor,https://www.youtube.com/watch?v=vqThVG7Jmlw,HowNOTtoHIGHLINE,2018-06-22,Knowledge,Video,English,Spider Silk MKII; Feather Pro,tension; longline; forces; field test; sag,Nir Avneyon,2018-06-02T21:02:04Z
318,How to rig a short highline - see how to set up a midline in your yard,https://www.youtube.com/watch?v=0R2RuLpAvbI,HowNOTtoHIGHLINE,2018-05-29,Knowledge,Video,English,,midline; height; tree; leash fall; rigging,Nir Avneyon,2018-06-02T20:59:19Z
317,Highline whipper forces on an anchor - 73 meter line at CRG,https://www.youtube.com/watch?v=qTAf5JEuQtE,HowNOTtoHIGHLINE,2018-05-08,Knowledge,Video,English,Aero 2,highline; forces; load,Nir Avneyon,2018-05-09T16:47:21Z
316,Using a drone to tag highline,https://www.youtube.com/watch?v=HvgD0e4Hlp4,HowNOTtoHIGHLINE,2018-04-23,Knowledge,Video,English,,drone; tag; tagline; rigging,Nir Avneyon,2018-05-01T16:45:41Z
315,How to slackline for beginners,https://www.youtube.com/watch?v=hxyAYxIAG6A,HowNOTtoHIGHLINE,2018-04-08,Techniques,Video,English,,slackline; basics; tutorial; guide; walking,Nir Avneyon,2018-04-12T11:06:58Z
314,Festival Description of Anchor rigging,https://www.youtube.com/watch?v=BWTKXh0TniM,Balance Community (Youtube),2018-01-02,Knowledge,Video,English,,ggby; festivals; anchors; rigging; a frame; hang frame,Nir Avneyon,2018-04-12T11:05:37Z
313,How to set up a basic slackline,https://www.youtube.com/watch?v=UQVeGq-JwBI,HowNOTtoHIGHLINE,2018-04-03,Knowledge,Video,English,,basics; slackline; setup; tree; tree pro; tree protector; tree protection,Nir Avneyon,2018-04-12T11:01:36Z
312,Slackline Soft Release tensioning system,https://www.youtube.com/watch?v=MCTyVGS9zD8&feature=youtu.be,,2016-11-14,Knowledge,Video,English,,soft release; tension,Nir Avneyon,2018-04-12T10:50:21Z
311,Forces on the anchors during highline whippers,https://www.youtube.com/watch?v=6sdQNsmMC4w,HowNOTtoHIGHLINE,2018-03-13,Knowledge,Video,English,,forces; anchors; leash fall; whipper; highline; field test; dynamometer; loose; tight,Nir Avneyon,2018-03-15T14:47:06Z
310,How to take nice Leashfalls on Highlines,https://www.youtube.com/watch?v=kQsrpDnOuKU,Slacktivity (Youtube/Facebook),2018-03-02,Techniques,Video,English,,leash fall; fall; tutorial,Nir Avneyon,2018-03-04T08:34:27Z
309,Is Equalization a Myth on Highline Anchors?,https://www.youtube.com/watch?v=oWiGeRxCxzI,HowNOTtoHIGHLINE,2018-02-27,Knowledge,Video,English,,equalization; sliding x; angles; dynamometers; anchors; rigging,Nir Avneyon,2018-03-01T15:46:19Z
308,Risks and Management of Prolonged Suspension in an Alpine Harness,http://www.wemjournal.org/article/S1080-6032(10)00320-0/fulltext,,2011-02-28,Knowledge,Article,English,,risk assessment; prolonged suspension; trauma; harness,Nir Avneyon,2018-02-26T12:31:07Z
307,All About The Different Slackline Tapes,http://www.balancecommunity.com/slack-science/different-slackline-tapes/,Balance Community,2018-01-21,Knowledge,Article; Video,English,,tape; backup; rigging; duct tape; strength; comparison,Nir Avneyon,2018-02-26T10:39:42Z
306,The Different Taping Methods for Highlines,http://www.balancecommunity.com/slack-science/different-taping-methods-highlines/,Balance Community,2018-01-28,Knowledge,Article; Video,English,,taping; backup; rigging; sliding tape,Nir Avneyon,2018-02-26T10:37:51Z
305,All About Highline Tape Spacing,http://www.balancecommunity.com/slack-science/highline-tape-spacing/,Balance Community,2018-02-03,Knowledge,Article; Video,English,,rigging; backup; tape; spacing,Nir Avneyon,2018-02-26T10:36:11Z
304,Methods For Efficiently Taping a Highline,http://www.balancecommunity.com/slack-science/methods-efficiently-taping-highline/,Balance Community,2018-02-13,Knowledge,Article; Video,English,,taping; efficiency; backup; rigging,Nir Avneyon,2018-02-26T10:34:26Z
303,Balance-Training on a Slackline - Physiological Changes in the Body,https://www.youtube.com/watch?v=IDkowKPwMVc,Slacktivity (Youtube/Facebook),2018-02-08,Techniques,Video,English,,physiology; mental; body; balance,Nir Avneyon,2018-02-16T12:01:35Z
302,Walking Blind on the Line,https://www.youtube.com/watch?v=WbzGg-H4Rxs,Slacktivity (Youtube/Facebook),2018-02-10,Techniques,Video,English,,walking; blind; blindfolded; mental,Nir Avneyon,2018-02-16T11:59:06Z
301,A rule of thumb for safe midline backups,http://itrsonline.org/wordpress/wp-content/uploads/2018/02/2017_MIdlineBackups_Athanasiadis.Panos_.pdf,,2017-05-31,Knowledge,Article,English,,midline; backup; safety; math; derivation,Nir Avneyon,2018-02-16T11:57:09Z
300,Tonsai Bay Highlining,https://docs.google.com/document/d/19VInI2G3XZg64Hk165jcX_fP362EodjICUtq36zOCfo/edit,,2017-11-16,Slackline spots,Article; Map,English,,thailand; guidelines; topos; beach; railay beach,Nir Avneyon,2017-12-08T10:22:49Z
299,GROUP TEST: Assisted Braking Belay Devices,https://www.ukclimbing.com/gear/review.php?id=9402,,2017-04-30,Review; Knowledge,Article,English,GRIGRI+; GRIGRI 2; Matik,break; belay devices; field test,Nir Avneyon,2017-11-12T18:27:35Z
298,How to Pad Your Highlining Leash Rings,https://www.youtube.com/watch?v=FuUGtD3fA7U,,2017-10-25,Knowledge,Video,English,,padding; leash ring,Nir Avneyon,2017-11-02T03:57:09Z
297,Slackline-Science - Forces in Highlines,https://www.youtube.com/watch?v=sYYqEuG2UaU,Slacktivity,2017-10-04,Knowledge,Video,English,PinkTube; Half-Marathon,forces; tension; leash fall; nylon; polyester; bounce; measurement; highline; field test,Nir Avneyon,2017-10-05T19:38:35Z
296,How NOT to Free Solo!,https://www.youtube.com/watch?v=BQzdp_1Fv9s,HowNOTtoHIGHLINE,2017-09-26,Knowledge; Techniques,Video,English,,free solo; mental; risk assessment,Nir Avneyon,2017-10-04T08:45:47Z
295,Highline Rigging Example - Iceland Part 5 of 5 - Esja,https://www.youtube.com/watch?v=SUieF1ZKBu0,HowNOTtoHIGHLINE,2017-10-12,Knowledge; Slackline spots,Video,English,,loose rocks; bolting; rock quality; catching; leash fall,Nir Avneyon,2017-10-04T08:40:26Z
294,Highline Rigging Example - Iceland Part 4 of 5 - Glacier,https://www.youtube.com/watch?v=cB979htBdXw,HowNOTtoHIGHLINE,2017-08-29,Knowledge; Slackline spots,Video,English,,ice rigging; glacier; rigging; rigging example,Nir Avneyon,2017-10-04T08:34:05Z
293,Loose Highline Backups - Jerry Miszewski | UHF 2016,https://www.youtube.com/watch?v=59zEbQ5ugPU,,2017-07-06,Knowledge,Video,English,,loose; backup; safety; tension; abrasion,Nir Avneyon,2017-09-21T22:49:32Z
292,Tree Ratings in kN,http://blog.alpineinstitute.com/2017/09/tree-ratings-in-kn.html,American Alpine Institute,2017-09-11,Knowledge,Article,English,,tree; rating; anchor,Nir Avneyon,2017-09-20T09:11:53Z
291,HangOver-Pulley System-Consider friction efficiency-,https://slackline.jp/hangover-pulley-system-efficiency/,Slackline Japan,2017-04-10,Calculator,Calculator,English,,hangover; riging; efficiency,Seiki Gondo,2017-08-22T12:30:01Z
290,Slackline Tension Calculator for smartphone,https://slackline.jp/quick-line-tension-calculator/,Slackline Japan,2017-08-20,Calculator,Calculator,English,,riging; longline; anchor; tension,Seiki Gondo,2017-08-22T12:25:29Z
289,Highline Rigging Example - Iceland Part 3 of 5 - Nappa,https://www.youtube.com/watch?v=rxTt3GTHepU,HowNOTtoHIGHLINE,2017-08-15,Knowledge; Slackline spots,Video,English,,rigging example; iceland; access; ethics; bolting; natural anchors; soft shackles; risk assessment,Nir Avneyon,2017-08-17T16:49:49Z
288,Highline Rigging Example - Iceland Part 2 of 5 - Haifoss,https://www.youtube.com/watch?v=gAzpn73irpM,HowNOTtoHIGHLINE,2017-08-01,Knowledge; Slackline spots,Video,English,,rigging example; dead man anchor; bolting; natural rig; natural anchors,Nir Avneyon,2017-08-03T20:47:59Z
287,Slackline-Tutorial - Easy Highline Tricks for Beginners #1,https://www.youtube.com/watch?v=gJbyOhsq_qc,Slacktivity (Youtube/Facebook),2017-07-22,Techniques,Video,English,,tutorial; highline; tricks; beginner,Nir Avneyon,2017-07-25T13:20:23Z
286,Highline Rigging Example - Iceland Part 1 of 5 - Akrafjall,https://www.youtube.com/watch?v=FNMNdF2zXzI,HowNOTtoHIGHLINE,2017-07-18,Knowledge; Slackline spots,Video,English,,iceland; rigging; example,Nir Avneyon,2017-07-25T13:18:21Z
285,Can I rig my slackline on this tree?,http://slacklineinternational.org/wp-content/uploads/2016/04/Slackline_rigging_treepro_leaflet_ISA_2016.pdf,International Slackline Association,2016-12-16,Info; Knowledge,Article; Document,English; French; German,Tree Protector,tree pro,Sarah Gmeiner,2017-07-14T18:33:27Z
1,PURELOCK Review,http://www.dreamwalkers.nl/purelock-review/,DreamWalkers,2016-06-23,Review,Article,English,PureLock,weblock; review,Nir Avneyon,2017-07-12T21:51:06Z
2,PURELOCK – A revolutionary weblock?,https://slacktuev.org/2016/06/09/purelock-a-revolutionary-weblock/,Slackline Tübingen,2016-06-09,Review,Article,English,PureLock,weblock; review,Nir Avneyon,2017-07-12T21:51:06Z
3,Slackhouse Rubber Band MK III SOL - How to fall in love,https://slacktuev.org/2015/12/27/slackhouse-rubber-band-mk-iii-sol-how-to-fall-in-love/,Slackline Tübingen,2016-12-27,Review,Article,English,Rubber Band MKIII BLU; Rubber Band MKIII SOL; Type 18 MKII; Flash; Sonic 2.0; Passion red,webbing; review; comparison,Nir Avneyon,2017-07-12T21:51:06Z
4,The new locker by Balance Community,http://www.chocoslack.com/en/2015/04/16/the-new-locker-by-balance-community/,Chocoslack,2015-04-16,Info,Article,English,Alpine WebLock 4.0,weblock; info,Nir Avneyon,2017-07-12T21:51:06Z
5,Slackibloc Jump,http://www.chocoslack.com/en/2015/04/06/slackibloc-jump-2/,Chocoslack,2015-04-06,Info,Article,English,Slackibloc Jump 1.2,weblock; info; tricklining,Nir Avneyon,2017-07-12T21:51:06Z
6,New webbing Line Spirit : Etna 2,http://www.chocoslack.com/en/2015/03/25/new-webbing-line-spirit-etna-2/,Chocoslack,2015-03-25,Info,Article,English,Etna II,webbing; info,Nir Avneyon,2017-07-12T21:51:06Z
7,Passion : the new elephant webbing,http://www.chocoslack.com/en/2015/02/10/passion-the-new-elephant-webbing-2/,Chocoslack,2015-02-10,Info,Article,English,Passion red,webbing; info; nylon,Nir Avneyon,2017-07-12T21:51:06Z
8,Hangover 2,http://www.chocoslack.com/en/2015/09/18/hangover-2-2/,Chocoslack,2015-09-18,Info,Article,English,Hangover 2.0,slider; glider; info,Nir Avneyon,2017-07-12T21:51:06Z
9,Dyneema Safety Advice: Loopies vs. Whoopies vs. Loopies 2.0,https://www.facebook.com/notes/raed-slacklines/dyneema-safety-advice-loopies-vs-whoopies-vs-loopies-20/680633592110229,Raed Slacklines,2016-12-22,Knowledge,Article,English,,dyneema; whoopies; safety; amsteel,Nir Avneyon,2017-07-12T21:51:06Z
10,Anchoring the Alpine WebLock 4.0,http://www.balancecommunity.com/slack-science/anchoring-the-alpine-weblock-4-0/,Balance Community,2016-01-09,Knowledge,Article; Video,English,Alpine WebLock 4.0,knowledge; rigging; anchor; weblock; bgebz; knot; double girth hitch,Nir Avneyon,2017-07-12T21:51:06Z
11,All About Soft Shackles,http://www.balancecommunity.com/slack-science/soft-shackles/,Balance Community,2014-12-09,Knowledge,Article; Video,English,,knowledge; rigging; soft shackles; dyneema; amsteel,Nir Avneyon,2017-07-12T21:51:06Z
12,How to use Soft Shackles,http://www.balancecommunity.com/slack-science/use-soft-shackles/,Balance Community,2014-12-09,Knowledge,Article,English,,knowledge; rigging; soft shackles; dyneema; amsteel,Nir Avneyon,2017-07-12T21:51:06Z
13,A comparison of Soft Shackle methods,http://www.balancecommunity.com/slack-science/comparison-soft-shackle-methods/,Balance Community,2014-12-09,Knowledge,Article,English,,knowledge; rigging; soft shackles; dyneema; test; comparison; knot; diamond; button; overhand; break; amsteel,Nir Avneyon,2017-07-12T21:51:06Z
14,Testing Soft Shackles for Weaknesses,http://www.balancecommunity.com/slack-science/testing-soft-shackles-weaknesses/,Balance Community,2014-12-09,Knowledge,Article; Video,English,,knowledge; rigging; soft shackles; dyneema; comparison; break; test; amsteel,Nir Avneyon,2017-07-12T21:51:06Z
15,Various tests with Soft Shackles,http://www.balancecommunity.com/slack-science/various-tests-soft-shackles/,Balance Community,2014-12-09,Knowledge,Article,English,,knowledge; rigging; soft shackles; dyneema; comparison; break; test; spanset; nut; sling; amsteel,Nir Avneyon,2017-07-12T21:51:06Z
16,Cutting a Main Highline Anchor,http://www.balancecommunity.com/slack-science/cutting-main-highline-anchor/,Balance Community,2014-01-14,Knowledge,Article; Video,English,,knowledge; rigging; highline; anchor; test; cut,Nir Avneyon,2017-07-12T21:51:06Z
17,Highline Shockload Simulation,http://www.balancecommunity.com/slack-science/highline-shockload-simulation/,Balance Community,2013-10-31,Knowledge,Article,English,,knowledge; rigging; highline; shockload; test; break,Nir Avneyon,2017-07-12T21:51:06Z
18,An In-Depth Look at Pulley Efficiency,http://www.balancecommunity.com/slack-science/an-in-depth-look-at-pulley-efficiency/,Balance Community,2013-01-28,Knowledge,Article; Video,English,Moonwalk; Pro Traxion; GRIGRI; Micro Traxion; Tender Line; Flash; Bounce,knowledge; rigging; pulley; comparison; test; efficiency,Nir Avneyon,2017-07-12T21:51:06Z
19,Multiplier Pulley Comparison,http://www.balancecommunity.com/slack-science/multiplier-pulley-comparison/,Balance Community,2012-10-16,Knowledge,Article; Video,English,Neon Light; Neon; Nitro,knowledge; rigging; multiplier; pulley; comparison; test; efficiency,Nir Avneyon,2017-07-12T21:51:06Z
20,Spanset Break Tests,http://www.balancecommunity.com/slack-science/spanset-break-tests/,Balance Community,,Knowledge,Article,English,,knowledge; rigging; break; test; spanset; knot; girth; sliding x,Nir Avneyon,2017-07-12T21:51:06Z
21,Petzl GRIGRI 2 vs. RIG vs. I'D as a Slackline Pulley System Brake,http://www.balancecommunity.com/slack-science/petzl-grigri-2-vs-rig-vs-id-slackline-pulley-system-brake/,Balance Community,,Knowledge,Article; Video,English,GRIGRI 2; RIG; I’D L,knowledge; rigging; petzl; grigri 2; rig; i'd; pulley system; brake; comparison; test,Nir Avneyon,2017-07-12T21:51:06Z
22,SMC 3-inch Doubles VS Rock Exotica Mini Machined Doubles - The showdown!,http://www.balancecommunity.com/slack-science/smc-3-inch-doubles-vs-rock-exotica-mini-machined-doubles-showdown/,Balance Community,2012-04-11,Knowledge,Article,English,Moonwalk; Sumo,knowledge; rigging; smc; rock exotica; pulley; comparison,Nir Avneyon,2017-07-12T21:51:06Z
23,Edelrid Eddy as a Slackline Pulley System Brake,http://www.balancecommunity.com/slack-science/edelrid-eddy-slackline-pulley-system-brake/,Balance Community,2012-01-06,Knowledge,Article; Video,English,Eddy,knowledge; rigging; brake; edelrid eddy; pulley system; test,Nir Avneyon,2017-07-12T21:51:06Z
24,Gear Test - Leash Fall Simulations,http://www.balancecommunity.com/slack-science/gear-test-leash-fall-simulations/,Balance Community,2011-12-02,Knowledge,Article; Video,English,,knowledge; rigging; leash fall; simulation,Nir Avneyon,2017-07-12T21:51:06Z
25,Dyneema and Slackline Rigging,http://www.balancecommunity.com/slack-science/dyneema-slackline-rigging/,Balance Community,2014-11-13,Knowledge,Article,English,,knowledge; rigging; abrasion; dyneema; test; soft shackles; amsteel,Nir Avneyon,2017-07-12T21:51:06Z
26,Testing the bGebz Knot,http://www.balancecommunity.com/slack-science/testing-the-bgebz-knot/,Balance Community,2016-01-17,Knowledge,Article,English,,knowledge; safety; brake; test; knot,Nir Avneyon,2017-07-12T21:51:06Z
27,Posture While Slacklining,http://www.balancecommunity.com/slack-science/posture-slacklining/,Balance Community,2013-03-17,Knowledge,Article,English,,posture; health; anatomy,Nir Avneyon,2017-07-12T21:51:06Z
28,All About Webbing Anchors,http://www.balancecommunity.com/slack-science/webbing-anchors/,Balance Community,2012-03-19,Knowledge,Article,English,,weblock; linelock,Nir Avneyon,2017-07-12T21:51:06Z
29,All About Shackles,http://www.balancecommunity.com/slack-science/all-about-shackles-2/,Balance Community,2012-01-16,Knowledge,Article,English,,shackles; bow; dee; twist; angle,Nir Avneyon,2017-07-12T21:51:06Z
30,Slackline Webbing Usage Guidelines,http://www.balancecommunity.com/slack-science/slackline-webbing-usage-guidelines/,Balance Community,2015-12-08,Knowledge,Article,English,,webbing; usage; guidelines; abrasion; uv radiation; storage; lifespan,Nir Avneyon,2017-07-12T21:51:06Z
31,How to Rig a Rodeoline,http://www.balancecommunity.com/slack-science/how-to-rig-a-rodeoline/,Balance Community,2015-07-08,Knowledge,Article; Video,English,,rodeoline; rigging,Nir Avneyon,2017-07-12T21:51:06Z
32,A Better Slider Tape Method,http://www.balancecommunity.com/slack-science/better-slider-tape-method/,Balance Community,2014-06-04,Knowledge,Article; Video,English,,adjustable; anchor webbing; rigging,Nir Avneyon,2017-07-12T21:51:06Z
33,Adjustable Anchor Webbing Uses and Instructions,http://www.balancecommunity.com/slack-science/adjustable-anchor-webbing-uses-instructions/,Balance Community,2014-08-26,Knowledge,Article; Video,English,,slide; tape; highline; backup,Nir Avneyon,2017-07-12T21:51:06Z
34,Post Rigging Line Checks,http://www.balancecommunity.com/slack-science/post-rigging-line-checks/,Balance Community,2013-10-29,Knowledge,Article,English,,rigging; post checks; backup,Nir Avneyon,2017-07-12T21:51:06Z
35,Properly Using the Edelrid Eddy,http://www.balancecommunity.com/slack-science/properly-using-edelrid-eddy/,Balance Community,2013-10-21,Knowledge,Article; Video,English,Eddy,edelrid eddy,Nir Avneyon,2017-07-12T21:51:06Z
36,Highline Leash - Part 4 - Climbing Your Leash,http://www.balancecommunity.com/slack-science/highline-leash-part-4-climbing-leash/,Balance Community,2012-04-12,Knowledge; Techniques,Article,English,,highline; leash; climbing; tips,Nir Avneyon,2017-07-12T21:51:06Z
37,Highline Leash - Part 3 - Walking With a Leash,http://www.balancecommunity.com/slack-science/highline-leash-part-3-walking-leash/,Balance Community,2012-04-11,Knowledge; Techniques,Article,English,,highline; leash; walking; tips,Nir Avneyon,2017-07-12T21:51:06Z
38,Highline Leash - Part 2 - Connection Point,http://www.balancecommunity.com/slack-science/highline-leash-part-2-connection-point/,Balance Community,2012-04-10,Knowledge,Article,English,,highline; leash; connection point,Nir Avneyon,2017-07-12T21:51:06Z
39,Highline Leash - Part 1 - Material and Characteristics,http://www.balancecommunity.com/slack-science/highline-leash-part-1-material-characteristics/,Balance Community,2012-03-30,Knowledge,Article,English,,highline; leash; material,Nir Avneyon,2017-07-12T21:51:06Z
40,Wind Dampeners,http://www.balancecommunity.com/slack-science/wind-dampeners/,Balance Community,2012-03-28,Knowledge,Article,English,,wind; dampeners; rigging,Nir Avneyon,2017-07-12T21:51:06Z
41,Slider Tapes,http://www.balancecommunity.com/slack-science/slider-tapes/,Balance Community,2013-02-13,Knowledge,Article,English,,slide; tape; highline; backup,Nir Avneyon,2017-07-12T21:51:06Z
42,The 9-to-1 Base Pulley System,http://www.balancecommunity.com/slack-science/9-to-1-pulley-system/,Balance Community,2011-11-14,Knowledge,Article,English,,pulley system,Nir Avneyon,2017-07-12T21:51:06Z
43,The Sliding-X Anchor,http://www.balancecommunity.com/slack-science/sliding-x-anchor/,Balance Community,2011-11-03,Knowledge,Article,English,,sliding x; rigging; anchor,Nir Avneyon,2017-07-12T21:51:06Z
44,Slackline Tension Calculator,http://www.balancecommunity.com/knowledge-center/tools/calculators/tension-calculator,Balance Community,,Calculator,Calculator,English,,standing; tension,Nir Avneyon,2017-07-12T21:51:06Z
45,Standing Tension Versus Working Tension,http://www.balancecommunity.com/slack-science/standing-tension-versus-working-tension/,Balance Community,2013-05-26,Knowledge,Article,English,,standing; working; tension; test; comparison,Nir Avneyon,2017-07-12T21:51:06Z
46,Force Unit Conversion Tool,http://www.balancecommunity.com/knowledge-center/tools/calculators/force-unit-conversion,Balance Community,,Calculator,Calculator,English,,force; unit; conversion,Nir Avneyon,2017-07-12T21:51:06Z
47,Mass Unit Conversion Tool,http://www.balancecommunity.com/knowledge-center/tools/calculators/mass-unit-conversion,Balance Community,,Calculator,Calculator,English,,mass; unit; conversion,Nir Avneyon,2017-07-12T21:51:06Z
48,Length Unit Conversion Tool.,http://www.balancecommunity.com/knowledge-center/tools/calculators/length-unit-conversion,Balance Community,,Calculator,Calculator,English,,length; unit; conversion,Nir Avneyon,2017-07-12T21:51:06Z
49,How to Thread Tubular Webbing,http://www.balancecommunity.com/slack-science/thread-tubular-webbing/,Balance Community,2013-07-22,Knowledge,Article,English,,threading; tubular; webbing,Nir Avneyon,2017-07-12T21:51:06Z
50,How To Efficienctly Rig a Longline - The Complete Guide,http://www.balancecommunity.com/slack-science/efficienctly-rig-longline-complete-guide/,Balance Community,2013-04-30,Knowledge,Article Group,English,,preparation; rigging; derigging; packing,Nir Avneyon,2017-07-12T21:51:06Z
51,Properly Detensioning Your Slackline,http://www.balancecommunity.com/slack-science/properly-detensioning-slackline/,Balance Community,2013-05-12,Knowledge,Article; Video,English,,detension; pulley,Nir Avneyon,2017-07-12T21:51:06Z
52,How to Get by With Less Static Rope,http://www.balancecommunity.com/slack-science/get-less-static-rope/,Balance Community,2013-02-19,Knowledge,Article; Video,English,,static rope; pulley; weight,Nir Avneyon,2017-07-12T21:51:06Z
53,How to Reeve your Pulley System,http://www.balancecommunity.com/slack-science/reeve-pulley-system/,Balance Community,2012-02-06,Knowledge,Article,English,,pulley system; reeve; setup,Nir Avneyon,2017-07-12T21:51:06Z
54,Adjustable Length Spansets,http://www.balancecommunity.com/slack-science/adjustable-length-spansets/,Balance Community,2012-10-01,Knowledge,Article; Video,English,,adjustable length; spansets; anchor; rigging,Nir Avneyon,2017-07-12T21:51:06Z
55,CT Sparrow Review,http://www.balancecommunity.com/slack-science/ct-sparrow-review/,Balance Community,2012-10-24,Review,Article; Video,English,Sparrow,comparison; test; ct sparrow; petzl i'd s,Nir Avneyon,2017-07-12T21:51:06Z
56,The CMC MPD - Pure Brake Awesomeness,http://www.balancecommunity.com/slack-science/the-cmc-mpd-pure-brake-awesomeness/,Balance Community,2012-01-19,Review,Article; Video,English,MPD,comparison; test; cmc mpd; petzl i'd,Nir Avneyon,2017-07-12T21:51:06Z
57,Abrasion Resistance of Slackline Webbing,http://www.balancecommunity.com/slack-science/abrasion-resistance-slackline-webbing/,Balance Community,2014-07-23,Knowledge,Article,English,,abrasion; resistance; webbing; method,Nir Avneyon,2017-07-12T21:51:06Z
58,How To Use the BC LineGrip and HighlineGrip,http://www.balancecommunity.com/slack-science/how-to-use-the-bc-linegrip-and-highlinegrip/,Balance Community,2016-05-23,Knowledge,Video,English,,linegrip; highlinegrip,Nir Avneyon,2017-07-12T21:51:06Z
59,How to Mitigate Webbing Slippage - The MMO Method,http://www.balancecommunity.com/slack-science/how-to-mitigate-webbing-slippage-the-mmo-method/,Balance Community,2016-06-08,Knowledge,Article; Video,English,,mmo; webbing; slippage; low tension,Nir Avneyon,2017-07-12T21:51:06Z
60,Loose Highline Backups - Potential Issues and Concerns,http://www.balancecommunity.com/slack-science/loose-highline-backups-potential-issues-and-concerns/,Balance Community,2016-08-12,Knowledge,Article; Video,English,,safety; backup; loose,Nir Avneyon,2017-07-12T21:51:06Z
61,All About Pulley Systems - The Complete Guide,http://www.balancecommunity.com/slack-science/pulley-systems-complete-guide/,Balance Community,2011-10-12,Knowledge,Article Group,English,,pulley system; multiplier; rope; connection; rigging plate; brake,Nir Avneyon,2017-07-12T21:51:06Z
62,All About Pulley Systems - Part 5 - Multiplier Characteristics,http://www.balancecommunity.com/slack-science/pulley-systems-part-5-multiplier-characteristics/,Balance Community,2011-10-03,Knowledge,Article,English,,pulley system; multiplier; comparison,Nir Avneyon,2017-07-12T21:51:06Z
63,All About Pulley Systems - Part 4 - Rope Characteristics,http://www.balancecommunity.com/slack-science/pulley-systems-part-4-rope-characteristics/,Balance Community,2011-10-01,Knowledge,Article,English,,pulley system; rope,Nir Avneyon,2017-07-12T21:51:06Z
64,All About Pulley Systems - Part 3 - Connection Point,http://www.balancecommunity.com/slack-science/pulley-systems-part-3-connection-point/,Balance Community,2011-12-30,Knowledge,Article,English,,pulley system; connection; rigging plate; mbs; comparison,Nir Avneyon,2017-07-12T21:51:06Z
65,All About Pulley Systems - Part 2 - Brake Characteristics,http://www.balancecommunity.com/slack-science/pulley-systems-part-2-brake-characteristics/,Balance Community,2011-12-29,Knowledge,Article,English,,pulley system; brake; slip; mbs; comparison,Nir Avneyon,2017-07-12T21:51:06Z
66,All About Pulley Systems - Part 1 - Main Pulley Characteristics,http://www.balancecommunity.com/slack-science/pulley-systems-part-1-main-pulley-characteristics/,Balance Community,2011-12-28,Knowledge,Article,English,,pulley system; bearing; bushing; mbs; breaking; sheave; comparison,Nir Avneyon,2017-07-12T21:51:06Z
67,Line Sleeves,http://www.balancecommunity.com/slack-science/line-sleeves/,Balance Community,2012-01-20,Knowledge,Article,English,,line sleeve; linelock,Nir Avneyon,2017-07-12T21:51:06Z
68,All About Spansets,http://www.balancecommunity.com/slack-science/spansets/,Balance Community,2011-10-26,Knowledge,Article,English,,spansets; mbs; wll; angle; hitch; knot,Nir Avneyon,2017-07-12T21:51:06Z
69,All About Slackline Webbing,http://www.balancecommunity.com/slack-science/slackline-webbing/,Balance Community,2011-10-19,Knowledge,Article,English,Type 18 MKII; Spider Silk MKII; RAGEline,webbing; mbs; breaking; stretch; weight; thickness,Nir Avneyon,2017-07-12T21:51:06Z
70,Slackline Kit Purchasing Guide,http://www.balancecommunity.com/slack-science/slackline-kit-purchasing-guide/,Balance Community,2016-12-16,Purchase guide,Article,English,,tensioning system; ratchet; primitive; ellington; soft release; pulley; purchase guide,Nir Avneyon,2017-07-12T21:51:06Z
71,Comprehensive Longline Purchase Guide,http://www.balancecommunity.com/slack-science/comprehensive-longline-purchase-guide/,Balance Community,2013-05-09,Purchase guide,Article,English,,purchase guide; webbing; spanset; pulley; weblock; brake,Nir Avneyon,2017-07-12T21:51:06Z
72,Dyneema slings on trees - the evolution of raed slacklines TreePRO,https://www.facebook.com/notes/raed-slacklines/dyneema-slings-on-trees-the-evolution-of-raed-slacklines-treepro/590656657774590,Raed Slacklines,2016-06-23,Knowledge,Article,English,,rigging; dyneema; test; tree pro; amsteel,Nir Avneyon,2017-07-12T21:51:06Z
73,SOFT RELEASE – Maximum power!,https://slacktuev.org/2016/11/22/soft-release-maximum-power/,Slackline Tübingen,2016-11-22,Knowledge,Article; Video,English,,rigging; pulley; soft release,Nir Avneyon,2017-07-12T21:51:06Z
74,Highline Bolting Tips,https://www.slacklinetechnology.com/tech/highline-bolting-tips,Slackline Technology,2015-10-20,Knowledge,Article,English,,rigging; bolting; highline; anchor; tips,Nir Avneyon,2017-07-12T21:51:06Z
75,What is the strongest sailing knot?,http://www.yachtingmonthly.com/sailing-skills/strongest-sailing-knot-30247#wFThJc2wvJBRMiR1.01,Yachting Monthly,2015-05-05,Knowledge,Article,English,,knot; strength; mbs; break; overhand; bowline; eye splice; bend; fisherman; sheet bend,Nir Avneyon,2017-07-12T21:51:06Z
76,Forces in Highlines,http://slacklab.de/en/highline-1/forces-in-highlines,Slack Lab,2015-12-01,Knowledge,Article,English,Core 2 HS; Sonic 2.0,highline; load; test; comparison; polyamid; nylon; polyester; dyneema; leash fall; amsteel,Nir Avneyon,2017-07-12T21:51:06Z
77,Deviation anchor force calculator,http://www.ropelab.com.au/two-point-anchor-calculator/,Rope Lab,,Calculator,Calculator,English,,anchor; load; deviation; angle; load,Nir Avneyon,2017-07-12T21:51:06Z
78,Two point anchor calculator,http://www.ropelab.com.au/two-point-anchor-calculator/,Rope Lab,,Calculator,Calculator,English,,anchor; load; math; load; angle,Nir Avneyon,2017-07-12T21:51:06Z
79,Highline tension calculator (static load),http://www.ropelab.com.au/two-point-anchor-calculator/,Rope Lab,,Calculator,Calculator,English,,highline; tension; standing; math; load; angle; load,Nir Avneyon,2017-07-12T21:51:06Z
80,Common Gear for Highline Anchors,https://www.slacklinetechnology.com/tech/common-gear-for-highline-anchors,Slackline Technology,2016-11-20,Knowledge,Article,English,,rigging; natural; multi point; anchors; fixed,Nir Avneyon,2017-07-12T21:51:06Z
81,Single Point Highline Anchors,https://www.slacklinetechnology.com/tech/single-point-highline-anchors,Slackline Technology,2016-11-08,Knowledge,Article,English,,rigging; single point; highline; anchors,Nir Avneyon,2017-07-12T21:51:06Z
82,Extension and Shock Loads for Highlines,https://www.slacklinetechnology.com/tech/extension-and-shock-loads-for-highlines,Slackline Technology,2016-10-18,Knowledge,Article,English,,rigging; extension; shock load; highline,Nir Avneyon,2017-07-12T21:51:06Z
83,Smart Anchor Building,https://www.slacklinetechnology.com/tech/smart-anchor-building,Slackline Technology,2016-10-11,Knowledge,Article,English,,rigging; wrap; anchor; highline,Nir Avneyon,2017-07-12T21:51:06Z
84,Load Sharing and Multiplying Effects of Angles,https://www.slacklinetechnology.com/tech/load-sharing-and-multiplying-effects-of-angles,Slackline Technology,2016-09-13,Knowledge,Article,English,,rigging; angles; anchor; load; highline; load; bolting,Nir Avneyon,2017-07-12T21:51:06Z
85,Multi-Point Highline Anchors,https://www.slacklinetechnology.com/tech/multi-point-highline-anchors,Slackline Technology,2016-08-30,Knowledge,Article,English,,rigging; multi point; highline; anchors; sliding x; bfk,Nir Avneyon,2017-07-12T21:51:06Z
86,Intro to Highline Anchor Building,https://www.slacklinetechnology.com/tech/intro-to-highline-anchor-building,Slackline Technology,2016-08-23,Knowledge,Article,English,,rigging; highline; anchor,Nir Avneyon,2017-07-12T21:51:06Z
87,Light Weight Tensioning Systems,https://www.slacklinetechnology.com/tech/light-weight-tensioning-systems,Slackline Technology,2016-06-21,Knowledge,Article,English,,primitive; tensioning; light; weight,Nir Avneyon,2017-07-12T21:51:06Z
88,Slackline Soft Release,https://www.slacklinetechnology.com/tech/slackline-soft-release,Slackline Technology,2016-06-14,Knowledge,Article,English,,soft release,Nir Avneyon,2017-07-12T21:51:06Z
89,Alternative Tensioning Techniques,https://www.slacklinetechnology.com/tech/alternative-tensioning-techniques,Slackline Technology,2016-06-07,Knowledge,Article,English,,tensioning; softpointing; linegrip,Nir Avneyon,2017-07-12T21:51:06Z
90,Trickline System Backups,https://www.slacklinetechnology.com/tech/trickline-system-backups,Slackline Technology,2016-05-31,Knowledge,Article,English,,trickline; backup,Nir Avneyon,2017-07-12T21:51:06Z
91,Advanced Trickline Tensioning Systems,https://www.slacklinetechnology.com/tech/advanced-trickline-tensioning-systems,Slackline Technology,2016-05-23,Knowledge,Article,English,,trickline; tensioning; ratchet; pulley,Nir Avneyon,2017-07-12T21:51:06Z
92,Trickline Basics and Forces,https://www.slacklinetechnology.com/tech/trickline-basics-and-forces,Slackline Technology,2016-05-17,Knowledge,Article,English,,trickline; forces; ratchet,Nir Avneyon,2017-07-12T21:51:06Z
93,Proper Park Practices,https://www.slacklinetechnology.com/tech/slackline-in-parks,Slackline Technology,2016-05-06,Knowledge,Article,English,,community; guidelines; practices; ethics; park,Nir Avneyon,2017-07-12T21:51:06Z
94,"Sag, Tension and Weight",https://www.slacklinetechnology.com/tech/slackline-sag-tension-weight,Slackline Technology,2016-05-04,Knowledge,Article,English,,sag; math; tension; weight,Nir Avneyon,2017-07-12T21:51:06Z
95,Derigging,https://www.slacklinetechnology.com/tech/derigging,Slackline Technology,2016-05-02,Knowledge,Article,English,,rigging; derigging,Nir Avneyon,2017-07-12T21:51:06Z
96,Softpointing & Tensioning,https://www.slacklinetechnology.com/tech/softpointing-a-slackline-and-tensioning,Slackline Technology,2016-04-29,Knowledge,Article,English,,rigging; softpointing; tensioning; longline,Nir Avneyon,2017-07-12T21:51:06Z
97,Static Anchor Setup & Hardpointing,https://www.slacklinetechnology.com/tech/static-anchor-set-up-and-hardpointing,Slackline Technology,2016-04-28,Knowledge,Article,English,,rigging; hardpointing; anchor setup,Nir Avneyon,2017-07-12T21:51:06Z
98,Webbing Anchors,https://www.slacklinetechnology.com/tech/1-inch-webbing-anchor,Slackline Technology,2016-04-26,Knowledge,Article,English,,weblock; ringlock; linelock,Nir Avneyon,2017-07-12T21:51:06Z
99,Longline Basics,https://www.slacklinetechnology.com/tech/longline-basics,Slackline Technology,2016-04-26,Knowledge,Article,English,,longline; basics,Nir Avneyon,2017-07-12T21:51:06Z
100,Multiplier,https://www.slacklinetechnology.com/tech/slackline-multiplier,Slackline Technology,2016-04-24,Knowledge,Article,English,,multiplier; pulley; tensioning; rope grab; prusik; tibloc,Nir Avneyon,2017-07-12T21:51:06Z
101,Rope Brake,https://www.slacklinetechnology.com/tech/slackline-rope-brake,Slackline Technology,2016-04-23,Knowledge,Article,English,,cam; rope brake; cam; progress capture; valdotain tresse,Nir Avneyon,2017-07-12T21:51:06Z
102,Pulleys,https://www.slacklinetechnology.com/tech/slackline-pulleys,Slackline Technology,2016-04-22,Knowledge,Article,English,,pulleys; sheave; bearing; wll; mbs,Nir Avneyon,2017-07-12T21:51:06Z
103,Pulley Tensioning Systems & Rope,https://www.slacklinetechnology.com/tech/pulley-tensioning-systems-and-rope,Slackline Technology,2016-04-21,Knowledge,Article,English,,pulley; tensioning; rope,Nir Avneyon,2017-07-12T21:51:06Z
104,Slackline Webbing Performance Comparison,https://www.slacklinetechnology.com/tech/slackline-webbing-performance-comparison,Slackline Technology,2016-04-19,Knowledge,Article,English,,webbing; polyester; hi tech; kevlar; dyneema; comparison; test; amsteel,Nir Avneyon,2017-07-12T21:51:06Z
105,Polyester and Hi-tech Webbing,https://www.slacklinetechnology.com/tech/2016/5/2/polyester-and-hi-tech-webbing,Slackline Technology,2016-04-18,Knowledge,Article,English,,webbing; polyester; hi tech; kevlar; dyneema; amsteel,Nir Avneyon,2017-07-12T21:51:06Z
106,Nylon Webbing,https://www.slacklinetechnology.com/tech/2016/4/15/nylon-1-inch-webbing,Slackline Technology,2016-04-17,Knowledge,Article,English,,webbing; nylon; polyamide,Nir Avneyon,2017-07-12T21:51:06Z
107,Webbing Construction,https://www.slacklinetechnology.com/tech/2016/5/2/webbing-construction-weave,Slackline Technology,2016-04-16,Knowledge,Article,English,,webbing; construction,Nir Avneyon,2017-07-12T21:51:06Z
108,Webbing Failure Modes,https://www.slacklinetechnology.com/tech/2016/5/2/webbing-failure-modes,Slackline Technology,2016-04-15,Knowledge,Article,English,,webbing; care; abrasion,Nir Avneyon,2017-07-12T21:51:06Z
109,Properties of Slackline Webbing,https://www.slacklinetechnology.com/tech/2016/4/13/mechanical-properties-of-slackline-webbing,Slackline Technology,2016-04-13,Knowledge,Article,English,,webbing; stretch,Nir Avneyon,2017-07-12T21:51:06Z
110,Carabiners,https://www.slacklinetechnology.com/tech/2016/4/12/carabiners,Slackline Technology,2016-04-12,Knowledge,Article,English,,carabiners; safety factor,Nir Avneyon,2017-07-12T21:51:06Z
111,Quicklinks,https://www.slacklinetechnology.com/tech/2016/4/11/quicklinks,Slackline Technology,2016-04-11,Knowledge,Article,English,,quicklinks; safety factor,Nir Avneyon,2017-07-12T21:51:06Z
112,Shackles,https://www.slacklinetechnology.com/tech/2016/4/10/shackles,Slackline Technology,2016-04-10,Knowledge,Article,English,,shackles; connectors; safety factor,Nir Avneyon,2017-07-12T21:51:06Z
113,Application of Connectors,https://www.slacklinetechnology.com/tech/2016/4/9/application-of-connectors,Slackline Technology,2016-04-09,Knowledge,Article,English,,connectors; breaking; safety factor; shackles; quicklinks; carabiners; wll; mbs; aluminum; steel,Nir Avneyon,2017-07-12T21:51:06Z
114,Slackline Tree Protection: Community,https://www.slacklinetechnology.com/tech/2016/5/2/slackline-tree-protection-community,Slackline Technology,2016-04-08,Knowledge,Article,English,,tree; protection; community,Nir Avneyon,2017-07-12T21:51:06Z
115,Slackline Tree Protection: Pressure,https://www.slacklinetechnology.com/tech/2016/5/2/slackline-tree-protection-pressure,Slackline Technology,2016-04-07,Knowledge,Article,English,,tree; protection; pressure,Nir Avneyon,2017-07-12T21:51:06Z
116,Slackline Tree Protection: Abrasion,https://www.slacklinetechnology.com/tech/2016/4/6/slackline-tree-protection-abrasion,Slackline Technology,2016-04-06,Knowledge,Article,English,,tree; protection; abrasion,Nir Avneyon,2017-07-12T21:51:06Z
117,Comparison of Basic Slacklines,https://www.slacklinetechnology.com/tech/2016/5/2/comparison-of-basic-slackline-review,Slackline Technology,2016-04-05,Knowledge,Article,English,,comparison; ratchet; primitive; ellington,Nir Avneyon,2017-07-12T21:51:06Z
118,Back-Ups and Tie-Off’s for Basic Slackline,https://www.slacklinetechnology.com/tech/2016/5/2/back-ups-and-tie-offs-for-basic-slacklines,Slackline Technology,2016-04-04,Knowledge,Article,English,,backup; knot,Nir Avneyon,2017-07-12T21:51:06Z
119,How to Set Up a Slackline: Ratchet System,https://www.slacklinetechnology.com/tech/2016/4/22/how-to-set-up-a-slackline-ratchet-system,Slackline Technology,2016-04-03,Knowledge,Article,English,,rigging; setup; ratchet,Nir Avneyon,2017-07-12T21:51:06Z
120,How to Set Up a Slackline: Primitive System,https://www.slacklinetechnology.com/tech/2016/4/22/how-to-set-up-a-slackline-primitive-system,Slackline Technology,2016-04-02,Knowledge,Article,English,,rigging; setup; primitive; ellington,Nir Avneyon,2017-07-12T21:51:06Z
121,SlackLine Set-up Basics,https://www.slacklinetechnology.com/slackline-basics/,Slackline Technology,,Knowledge,Article,English,,public; setup; ratchet; primitive; guidelines; basics,Nir Avneyon,2017-07-12T21:51:06Z
122,Slackline styles,https://www.slacklinetechnology.com/styles/,Slackline Technology,,Knowledge,Article,English,,longlining; tricklining; yoga; rodeo; highlining,Nir Avneyon,2017-07-12T21:51:06Z
123,Brakes comparison,http://www.chocoslack.com/en/2015/02/07/brakes-comparison/,Chocoslack,2015-01-07,Knowledge,Article,English,,break; comparison; pulley system,Nir Avneyon,2017-07-12T21:51:06Z
124,New Soft rig plate Slacktivity,http://www.chocoslack.com/en/2015/09/14/new-soft-rig-plate-slacktivity/,Chocoslack,2015-12-14,Info,Article,English,,soft; rigging plate; rigging; slacktivity,Nir Avneyon,2017-07-12T21:51:06Z
125,Triceratop : triple pulleys,http://www.chocoslack.com/en/2015/02/05/triceratop-triple-pulleys/,Chocoslack,2015-02-05,Info,Article; Video,English,,pulleys; system; triple,Nir Avneyon,2017-07-12T21:51:06Z
126,Bernese Anchor,http://slacklab.de/en/rigging/basic-rigging/bernese-anchor,Slack Lab,2014-07-09,Knowledge,Article; Video,English,,anchor; adjustable length; sling; spanset,Nir Avneyon,2017-07-12T21:51:06Z
127,Slack Map,https://slackmap.com,Slack Map,,Slackline spots; Database,Map,English,,map; spots; topos; database,Nir Avneyon,2017-07-12T21:51:06Z
128,Padding Highline Anchors,https://www.youtube.com/watch?v=T09ny__wfS0,HowNOTtoHIGHLINE,2016-09-21,Knowledge,Video,English,,padding; highline; rigging,Nir Avneyon,2017-07-12T21:51:06Z
129,Highline Anchor with Spansets,https://www.youtube.com/watch?v=G6TpHGCblbo,HowNOTtoHIGHLINE,2016-09-22,Knowledge,Video,English,,highline; rigging; spanset; equalize; rigging; multi point; quicklinks; carabiners,Nir Avneyon,2017-07-12T21:51:06Z
130,Anchor Connectors,https://www.youtube.com/watch?v=XljEDHkOQB8,HowNOTtoHIGHLINE,2016-09-23,Knowledge,Video,English,,highline; rigging; spanset; equalize; rigging; multi point; quicklinks; carabiners,Nir Avneyon,2017-07-12T21:51:06Z
131,Personal Anchors,https://www.youtube.com/watch?v=6EPTiCYscLU,HowNOTtoHIGHLINE,2016-09-29,Knowledge,Video,English,,personal safety; rigging; highline,Nir Avneyon,2017-07-12T21:51:06Z
132,Highline Anchor with Static Rope,https://www.youtube.com/watch?v=x4_BbkW50Xk,HowNOTtoHIGHLINE,2016-10-02,Knowledge,Video,English,,highline; rigging; static rope; shockload; bfk,Nir Avneyon,2017-07-12T21:51:06Z
133,Amsteel 101 for highliners,https://www.youtube.com/watch?v=JFqBmFXJNfk,HowNOTtoHIGHLINE,2016-10-08,Knowledge,Video,English,,highline; dyneema; amsteel; sk75; splicing,Nir Avneyon,2017-07-12T21:51:06Z
134,How to Make Whoopie Slings for Highlining,https://www.youtube.com/watch?v=fyv1A7db7ZY,HowNOTtoHIGHLINE,2016-10-10,Knowledge,Video,English,,highline; dyneema; amsteel; sk75; splicing; whoopie; make,Nir Avneyon,2017-07-12T21:51:06Z
135,Using Whoopie Slings for Highlining,https://www.youtube.com/watch?v=9SrcBqUhAeQ,HowNOTtoHIGHLINE,2016-10-11,Knowledge,Video,English,,highline; dyneema; amsteel; sk75; whoopie; anchor; rigging,Nir Avneyon,2017-07-12T21:51:06Z
136,Soft Shackles and Button Knots,https://www.youtube.com/watch?v=9vOW1sIkhIQ,HowNOTtoHIGHLINE,2016-10-18,Knowledge,Video,English,,highline; dyneema; amsteel; sk75; soft shackles; splicing; make,Nir Avneyon,2017-07-12T21:51:06Z
137,Weblocks and Highlining,https://www.youtube.com/watch?v=J2rlQrjs5jE,HowNOTtoHIGHLINE,,Knowledge,Video,English,,highline; rigging; setup; weblock,Nir Avneyon,2017-07-12T21:51:06Z
138,Rigging Highlines Efficient,https://www.youtube.com/watch?v=EpkGKOoh11c,HowNOTtoHIGHLINE,2016-11-11,Knowledge,Video,English,,rigging; efficiency; tips; tape,Nir Avneyon,2017-07-12T21:51:06Z
139,Amsteel as a Highline Backup,https://www.youtube.com/watch?v=nJibpKNA7bk,HowNOTtoHIGHLINE,2016-11-19,Knowledge,Video,English,,highline; dyneema; amsteel; rigging; backup; field test,Nir Avneyon,2017-07-12T21:51:06Z
140,Highline Leashes 101,https://www.youtube.com/watch?v=kk4TqUe6TGc,HowNOTtoHIGHLINE,2016-12-24,Knowledge,Video,English,,highline; leash; ring; compare,Nir Avneyon,2017-07-12T21:51:06Z
141,Slackline-Guide: Chestbounce,https://www.youtube.com/watch?v=EvU53LwadVg,Slacktivity (Youtube/Facebook),2013-05-14,Techniques,Video,English,,chestbounce; trick; trickline,Nir Avneyon,2017-07-12T21:51:06Z
142,Slackline Tutorial: Surfing a Rodeoline,https://www.youtube.com/watch?v=w0QirUNOOtQ,Slacktivity (Youtube/Facebook),2013-08-26,Techniques,Video,English,,surfing; rodeoline; beginner,Nir Avneyon,2017-07-12T21:51:06Z
143,Slackline-Tutorial: Front- and Back-Roll,https://www.youtube.com/watch?v=nfqM4YNFjlk,Slacktivity (Youtube/Facebook),2013-08-26,Techniques,Video,English,,trick; rodeoline; front roll; back roll,Nir Avneyon,2017-07-12T21:51:06Z
144,Slackline-Tutorial: Shoulder Stand,https://www.youtube.com/watch?v=MJk4s1x-XzA,Slacktivity (Youtube/Facebook),2013-08-27,Techniques,Video,English,,trick; rodeoline; shoulder stand,Nir Avneyon,2017-07-12T21:51:06Z
145,Slackline Tutorial: Lying on the Back,https://www.youtube.com/watch?v=_3WWvLpY87g,Slacktivity (Youtube/Facebook),2013-08-29,Techniques,Video,English,,trick; rodeoline; lying; back,Nir Avneyon,2017-07-12T21:51:06Z
146,Slackline-Tutorial: Side-Roll,https://www.youtube.com/watch?v=1adg3BCcjl0,Slacktivity (Youtube/Facebook),2013-09-02,Techniques,Video,English,,trick; rodeoline; side roll,Nir Avneyon,2017-07-12T21:51:06Z
147,Slackline Tutorial: Buddha-Bounce,https://www.youtube.com/watch?v=5ScBP8xC2Bg,Slacktivity (Youtube/Facebook),2013-11-05,Techniques,Video,English,,buddha bounce; trick; trickline,Nir Avneyon,2017-07-12T21:51:06Z
148,Slackline-Tutorial: Sid,https://www.youtube.com/watch?v=gIwEFvtZ-r0,Slacktivity (Youtube/Facebook),2013-11-22,Techniques,Video,English,,trick; rodeoline; sid,Nir Avneyon,2017-07-12T21:51:06Z
149,Highline-Tutorial: Climb a Leash,https://www.youtube.com/watch?v=59asCG_RzHg,Slacktivity (Youtube/Facebook),2014-04-08,Techniques,Video,English,,highline; leash cimbing; leash; beginner,Nir Avneyon,2017-07-12T21:51:06Z
150,Slackline Tutorial: GambitSwap,https://www.youtube.com/watch?v=8c2aSvnxf-Y,Slacktivity (Youtube/Facebook),2014-04-09,Techniques,Video,English,,trick; trickline; gambitswap,Nir Avneyon,2017-07-12T21:51:06Z
151,Slackline Tutorial: Inverted Knee-Drop-Turn,https://www.youtube.com/watch?v=5EzkLo5Vb4w,Slacktivity (Youtube/Facebook),2014-05-03,Techniques,Video,English,,trick; inverted knee drop turn,Nir Avneyon,2017-07-12T21:51:06Z
152,Slackline Tutorial: Baby-Freeze,https://www.youtube.com/watch?v=baFWay95Syo,Slacktivity (Youtube/Facebook),2014-05-03,Techniques,Video,English,,trick; baby freeze,Nir Avneyon,2017-07-12T21:51:06Z
153,New Trick on a Slackine: The Kamikaze Shoulder Bounce,https://www.youtube.com/watch?v=B09k6kjwpZY,Slacktivity (Youtube/Facebook),2014-08-08,Techniques,Video,English,,trick; kamikaze shoulder bounce,Nir Avneyon,2017-07-12T21:51:06Z
154,Slackline-Tutorial: Sit-Bounce,https://www.youtube.com/watch?v=rdV2Jhi6U5Y,Slacktivity (Youtube/Facebook),2014-10-02,Techniques,Video,English,,trick; sit bounce,Nir Avneyon,2017-07-12T21:51:06Z
155,Slackline-Tutorial: Rocket Mount,https://www.youtube.com/watch?v=qHFF56EY-TA,Slacktivity (Youtube/Facebook),2014-09-11,Techniques,Video,English,,trick; rocket mount,Nir Avneyon,2017-07-12T21:51:06Z
156,Slackline-Tutorial: Backbounce Mount on a Longline,https://www.youtube.com/watch?v=ksTVoS2qHAM,Slacktivity (Youtube/Facebook),2015-01-13,Techniques,Video,English,,trick; backbounce; longline; mount,Nir Avneyon,2017-07-12T21:51:06Z
157,Slackline-Tutorial - How to assist a beginner,https://www.youtube.com/watch?v=TMhWUxRNGcE,Slacktivity (Youtube/Facebook),2015-05-21,Techniques,Video,English,,assisting; beginner,Nir Avneyon,2017-07-12T21:51:06Z
158,Slackline-Tutorial: Mantle Mount (Getting from below the line onto the top),https://www.youtube.com/watch?v=3xaBSEH7V5g,Slacktivity (Youtube/Facebook),2015-06-30,Techniques,Video,English,,mantle; mount; beginner,Nir Avneyon,2017-07-12T21:51:06Z
159,Slackline-Tutorial: Chongo-Mount,https://www.youtube.com/watch?v=_TV3krj7r4o,Slacktivity (Youtube/Facebook),2015-06-19,Techniques,Video,English,,chongo; mount; beginner,Nir Avneyon,2017-07-12T21:51:06Z
160,Slackline-Tutorial: How to Walk a Longline,https://www.youtube.com/watch?v=YKN8RRRGlH4,Slacktivity (Youtube/Facebook),2016-01-14,Techniques,Video,English,,walk; longline,Nir Avneyon,2017-07-12T21:51:06Z
161,Slackline-Tutorial: How to Surf on a Longline (for Beginners!),https://www.youtube.com/watch?v=kngiTcdBHFA,Slacktivity (Youtube/Facebook),2016-05-22,Techniques,Video,English,,surf; longline,Nir Avneyon,2017-07-12T21:51:06Z
162,Slackline-Tutorial: Standing in Exposure,https://www.youtube.com/watch?v=I4kZl2m9_Nw,Slacktivity (Youtube/Facebook),2015-04-08,Techniques,Video,English,,exposure; stand,Nir Avneyon,2017-07-12T21:51:06Z
163,Slackline-Tutorial: Leash Handling on a Highline,https://www.youtube.com/watch?v=xEgjdzsU-sg,Slacktivity (Youtube/Facebook),2016-04-14,Techniques,Video,English,,leash; leash handling; highline,Nir Avneyon,2017-07-12T21:51:06Z
164,Tutorial: How to build an A Frame for Slacklining,https://www.youtube.com/watch?v=wkHJnxbb92I,Slacktivity (Youtube/Facebook),2016-11-14,Knowledge,Video,English,,a frame; build; rigging,Nir Avneyon,2017-07-12T21:51:06Z
165,Slackline-Tutorial: The RookieRope,https://www.youtube.com/watch?v=vjj06kjNf1s,,2016-12-09,Knowledge,Video,English,,rookierope; beginner,Nir Avneyon,2017-07-12T21:51:06Z
166,Forces in Slacklines 1 - Static Forces & Tensioning,https://www.youtube.com/watch?v=aUBnzNqyIO4,Slacktivity (Youtube/Facebook),2014-02-08,Knowledge,Video,English,,forces; math; static; tension; relaxation; test; measurement,Nir Avneyon,2017-07-12T21:51:06Z
167,Forces in Slacklines 2 - Form of the Force-Curve,https://www.youtube.com/watch?v=wckAz7MofU8,Slacktivity (Youtube/Facebook),2014-02-08,Knowledge,Video,English,,forces; dynamic; measurement; curve,Nir Avneyon,2017-07-12T21:51:06Z
168,Forces in Slacklines 3 - Different Slackline-Lengths,https://www.youtube.com/watch?v=HAMXMXpgXDQ,Slacktivity (Youtube/Facebook),2014-02-08,Knowledge,Video,English,,forces; distance; length; dynamic; measurement,Nir Avneyon,2017-07-12T21:51:06Z
169,Forces in Slacklines 4 - Different Pre-Tension in a 20m-Line,https://www.youtube.com/watch?v=fVnjrLaBiDE,Slacktivity (Youtube/Facebook),2014-02-08,Knowledge,Video,English,,forces; pretenstion; tension; measurement,Nir Avneyon,2017-07-12T21:51:06Z
170,Forces in Slacklines 5 - More than 1 Person on a Slackline,https://www.youtube.com/watch?v=Fk2XjCTdi4o,Slacktivity (Youtube/Facebook),2014-02-08,Knowledge,Video,English,,forces; tension; measurement; relaxation,Nir Avneyon,2017-07-12T21:51:06Z
171,Forces in Slacklines 6 - Jump-Combos,https://www.youtube.com/watch?v=6TxGv8fFAZI,Slacktivity (Youtube/Facebook),2014-02-08,Knowledge,Video,English,,forces; tension; peak; jump; trickline; cyclic load,Nir Avneyon,2017-07-12T21:51:06Z
172,Breaking-Test: Slackline with Girth-Hitch-System,https://www.youtube.com/watch?v=1Mz0352DFsU,Slacktivity (Youtube/Facebook),2014-11-07,Knowledge,Video,English,,break; test; girth hitch; knot; measurement; angle,Nir Avneyon,2017-07-12T21:51:06Z
173,Breaking-Test: Slacktivity Tree-Sling,https://www.youtube.com/watch?v=Iwr3ERSzjAM,Slacktivity (Youtube/Facebook),2014-11-12,Knowledge,Video,English,,break; test; sling; measurement; angle,Nir Avneyon,2017-07-12T21:51:06Z
174,How the shape of a carabiner influences its breaking load,https://www.youtube.com/watch?v=g730mHDtXaA,Slacktivity (Youtube/Facebook),2015-05-02,Knowledge,Video,English,,break; test; measurement; angle; triload; load; carabiner; pear; oval,Nir Avneyon,2017-07-12T21:51:06Z
175,The seaHorse - Slackline-Weblock and Rigging-Plate in One piece,https://www.youtube.com/watch?v=nzLh0O4Nvsc,Slacktivity (Youtube/Facebook),2016-06-06,Gear introduction,Video,English,SeaHorse DP 1; SeaHorse DP 1.5,weblock; seahorse; rigging plate,Nir Avneyon,2017-07-12T21:51:06Z
176,Slackline Breaking Strength Tests with the seaHorse,https://www.youtube.com/watch?v=wim0RRfogHY,Slacktivity (Youtube/Facebook),2016-08-12,Knowledge,Video,English,SeaHorse DP 1; SeaHorse DP 1.5,weblock; seahorse; measurement; break; test,Nir Avneyon,2017-07-12T21:51:06Z
177,How to use the Slacktivity HangOver-Pulley System (including force measurements),https://www.youtube.com/watch?v=rEdHMDOHbOw,Slacktivity (Youtube/Facebook),2015-12-14,Knowledge,Video,English,,measurement; hangover; pulley; linegrip,Nir Avneyon,2017-07-12T21:51:06Z
178,SMC 3-inch Doubles VS Rock Exotica Mini Machined Doubles - The showdown!,https://www.youtube.com/watch?v=G-KkK5AlixE,Balance Community (Youtube),2012-04-11,Knowledge,Video,English,,knowledge; rigging; smc; rock exotica; pulley; comparison,Nir Avneyon,2017-07-12T21:51:06Z
179,How to Reeve your Pulley System,https://www.youtube.com/watch?v=39UnQoy75_I,Balance Community (Youtube),2012-02-06,Knowledge,Video,English,,pulley system; reeve; setup,Nir Avneyon,2017-07-12T21:51:06Z
180,All About Pulley Systems - Part 2 - Brake Characteristics,https://www.youtube.com/watch?v=nDN1oHlRXkM,Balance Community (Youtube),2012-10-30,Knowledge,Video,English,,pulley system; brake; slip; slippage; mbs; comparison; rope,Nir Avneyon,2017-07-12T21:51:06Z
181,Proper Posture While Tensioning Your Slackline,http://www.balancecommunity.com/slack-science/proper-posture-tensioning-slackline/,Balance Community,2013-02-26,Knowledge,Article; Video,English,,posture; pulley system; efficiency; tension; rigging,Nir Avneyon,2017-07-12T21:51:06Z
182,Efficiently Rigging A Longline - Part 1 - Packing,http://www.balancecommunity.com/slack-science/efficiently-rigging-longline-part-1-packing/,Balance Community,,Knowledge,Article; Video,English,,rigging; efficiency; packing,Nir Avneyon,2017-07-12T21:51:06Z
183,Efficiently Rigging a Longline - Part 2: Rigging,http://www.balancecommunity.com/slack-science/efficiently-rigging-longline-part-2-rigging/,Balance Community,2013-04-10,Knowledge,Article; Video,English,,rigging; efficiency,Nir Avneyon,2017-07-12T21:51:06Z
184,Efficiently Rigging A Longline - Part 3 - DeRigging,http://www.balancecommunity.com/slack-science/efficiently-rigging-longline-part-3-derigging/,Balance Community,2013-04-24,Knowledge,Article; Video,English,,rigging; derigging; efficiency,Nir Avneyon,2017-07-12T21:51:06Z
185,Slack Science - Measuring Pulley System Length,http://www.balancecommunity.com/slack-science/measuring-pulley-system-length/,Balance Community,2013-03-19,Knowledge,Article; Video,English,,rigging; measuring; pulley; rope length,Nir Avneyon,2017-07-12T21:51:06Z
186,Balance Community - All about Slider Tapes,https://www.youtube.com/watch?v=xQPZFdHBDHc&t=14s,Balance Community (Youtube),2014-09-03,Knowledge,Video,English,,rigging; efficiency; tips; tape; c; slider; backup,Nir Avneyon,2017-07-12T21:51:06Z
187,Alpine WebLock 4.0 - An Introduction,https://www.youtube.com/watch?v=zoNkFj8GRTs,Balance Community (Youtube),2015-05-18,Gear introduction,Video,English,Alpine WebLock 4.0,weblock; awl,Nir Avneyon,2017-07-12T21:51:06Z
188,Primitive Tensioning Strap Instructions,https://www.youtube.com/watch?v=B36-bQ3JcqQ,Balance Community (Youtube),2015-03-03,Knowledge,Video,English,,primitive; tension; rigging,Nir Avneyon,2017-07-12T21:51:06Z
189,Primitive PRO Kit Setup,https://www.youtube.com/watch?v=fiMdioX-9t4,Balance Community (Youtube),2015-05-12,Knowledge,Video,English,,primitive; tension; rigging,Nir Avneyon,2017-07-12T21:51:06Z
190,Balance Community Soft Release Use Instructions,https://www.youtube.com/watch?v=H3eDoX7YYxQ,Balance Community (Youtube),2015-10-16,Knowledge,Video,English,,soft release; rigging,Nir Avneyon,2017-07-12T21:51:06Z
191,BC Classic Longline Kit Setup Instructions,https://www.youtube.com/watch?v=M3Db795TgSo,Balance Community (Youtube),2016-05-02,Knowledge,Video,English,,longline; rigging,Nir Avneyon,2017-07-12T21:51:06Z
192,Alpine WebLock 4.0 Anchor Hole Tensioning,https://www.youtube.com/watch?v=pJ9dZfzmJAo,Balance Community (Youtube),2016-04-11,Knowledge,Video,English,Alpine WebLock 4.0,rigging; weblock; anchor hole; awl,Nir Avneyon,2017-07-12T21:51:06Z
193,How to use the LineGrip & HighlineGrip,https://www.youtube.com/watch?v=u8UB923VRu4,Balance Community (Youtube),2016-05-23,Knowledge,Video,English,,linegrip; highlinegrip; rigging,Nir Avneyon,2017-07-12T21:51:06Z
194,Primitive Kit Setup,https://www.youtube.com/watch?v=8poakOehTfk,Balance Community (Youtube),2016-11-16,Knowledge,Video,English,,primitive; tension; rigging,Nir Avneyon,2017-07-12T21:51:06Z
195,How to use a SoftRelease from Slacktivity Slacklines,https://www.youtube.com/watch?v=eQyIDrLMyy8,Slacktivity (Youtube/Facebook),2015-06-11,Knowledge,Video,English,,soft release; rigging,Nir Avneyon,2017-07-12T21:51:06Z
196,How to use the Slacktivity Longline pulley-system,https://www.youtube.com/watch?v=0IBnqehlA6o,Slacktivity (Youtube/Facebook),2015-05-19,Knowledge,Video,English,,pulley system; reeving; tensioning; detensioning; storage,Nir Avneyon,2017-07-12T21:51:06Z
197,Slackline Tutorial: Foot-Jumps,https://www.youtube.com/watch?v=yt0K2HWC0WI,Slacktivity (Youtube/Facebook),2014-01-18,Techniques,Video,English,,foot; jump; trick; trickline,Nir Avneyon,2017-07-12T21:51:06Z
198,Slackline-Tutorial: Half a turn,https://www.youtube.com/watch?v=gJcDurDuc3c,Slacktivity (Youtube/Facebook),2013-03-27,Techniques,Video,English,,half turn; beginner,Nir Avneyon,2017-07-12T21:51:06Z
199,Slackline-Tutorial Chestbounce-180°,https://www.youtube.com/watch?v=CxYMf_G_UTI,Slacktivity (Youtube/Facebook),2014-03-17,Techniques,Video,English,,chestbounce; 180; trick,Nir Avneyon,2017-07-12T21:51:06Z
200,Slackline Tutorial - Buttbounce Backflip,https://www.youtube.com/watch?v=h2YpRbKr0lI,Slacktivity (Youtube/Facebook),2013-02-19,Techniques,Video,English,,buttbounce; backflip; trick,Nir Avneyon,2017-07-12T21:51:06Z
201,Slackline-Tutorial: Standing and Walking,https://www.youtube.com/watch?v=qlMZRkF7T9E,Slacktivity (Youtube/Facebook),2013-03-27,Techniques,Video,English,,standing; walking; beginner,Nir Avneyon,2017-07-12T21:51:06Z
202,YogaSlackers: Slackline 101,https://www.youtube.com/watch?v=bSs8CHUOfCo,,2012-10-29,Techniques,Video,English,,beginner; 101,Nir Avneyon,2017-07-12T21:51:06Z
203,Inspecting and replacing an old highline leash,https://www.youtube.com/watch?v=JBIomPHeOEc,Slack Attack (Youtube),2016-03-31,Knowledge,Video,English,,leash ring; leash; safety,Nir Avneyon,2017-07-12T21:51:06Z
204,Highlines: Mainline and Backup,https://www.slacklinetechnology.com/tech/highlines-mainline-and-backup,Slackline Technology,2017-01-17,Knowledge,Article,English,,highlines; mainline; backup,Nir Avneyon,2017-07-12T21:51:06Z
205,Leashes 103 Walking and Whipping,https://www.youtube.com/watch?v=tG9czDk1zDQ,HowNOTtoHIGHLINE,2017-01-21,Techniques,Video,English,,leash; walking; whipping; fall,Nir Avneyon,2017-07-12T21:51:06Z
206,Catching Highlines,https://www.youtube.com/watch?v=memTvocWHJM,HowNOTtoHIGHLINE,2017-02-01,Techniques,Video,English,,catching; highline; fall,Nir Avneyon,2017-07-12T21:51:06Z
207,Mainline and Backup Line Interactions,http://www.balancecommunity.com/slack-science/mainline-backup-line-interactions/,Balance Community,2017-02-03,Knowledge,Article,English,,mainline; backup; interactions; friction; safety,Nir Avneyon,2017-07-12T21:51:06Z
208,Highline Rigging Example - Start to Finish #1,https://www.youtube.com/watch?v=GPYzGF6PbXY,HowNOTtoHIGHLINE,2017-02-04,Knowledge,Video,English,,rigging; example; full,Nir Avneyon,2017-07-12T21:51:06Z
209,Webbings Stretch Chart,http://www.slacklineverband.com/know-how/slackline-vergleich-dehnung/,Slackline Verband/Austrian Slackline Association,,Info,Chart,English,Core 1; Core 2 HS; Core 2 LS; Sonic 2.0; Verve 35mm; White Magic; Aero; Aero 2; Feather Pro; Mantra MK4: Flight; Mantra MKIII; Type 18 MKII; Spider Silk MKII; SuperFL Maverick V2; Moonwalk; McFly; Passion red; BlueWing; Sigma N; Sigma X (HeliX); Sigma Impact; Sigma LG; Dragon; Sumo; Bounce; Element; Flash; Unicorn; Skye; Morpheus; Cobalt; Windu; Snake Tub; Diablo2; Goku 2; Artic Fox; Flax NY; Spectre; Rubalise; Wallaby; Storm; Plum; Cosmic; Flamme II,webbing; stretch; chart,Nir Avneyon,2017-07-12T21:51:06Z
210,Webbing strength in anchors,https://aki-slacklines.de/en/blog/detail/sCategory/52/blogArticle/1,Aki Slacklines,2017-02-24,Knowledge,Article; Chart,English,White Magic,webbing; strength; anchor; knot; weblock; bowline knot; figure eight knot; overhand knot; clove hitch knot; munter hitch; efficiency; ringlockers; linelocker; frost knot,Nir Avneyon,2017-07-12T21:51:06Z
211,DYNEEMA TIME – What are Quadwhoopies?,https://slacktuev.org/2016/11/23/dyneema-time-what-are-quadwhoopies/,Slackline Tübingen,2016-11-23,Knowledge,Article; Video,English,,dyneema; quadwhoopies; whoopies; highline; anchor; rigging,Nir Avneyon,2017-07-12T21:51:06Z
212,SOFT RELEASE – Maximum power!,https://slacktuev.org/2016/11/22/soft-release-maximum-power/,Slackline Tübingen,2016-11-22,Knowledge,Article; Video,English,,soft release; kit,Nir Avneyon,2017-07-12T21:51:06Z
213,TEDDY – A minimalistic rescue kit,https://slacktuev.org/2016/11/17/teddy-a-minimalistic-rescue-kit/,Slackline Tübingen,2016-11-17,Knowledge,Article; Video,English,,rescue; kit; safety; prusik; highline,Nir Avneyon,2017-07-12T21:51:06Z
214,BOA – A different kind of sling,https://slacktuev.org/2016/11/16/boa-a-different-kind-of-sling/,Slackline Tübingen,2016-11-26,Knowledge,Article,English,,sling; rigging; anchor,Nir Avneyon,2017-07-12T21:51:06Z
215,Bernese Anchor,https://slacktuev.org/2016/11/16/bernese-anchor/,Slackline Tübingen,2016-11-16,Knowledge,Article,English,,sling; rigging; anchor; break test,Nir Avneyon,2017-07-12T21:51:06Z
216,The Ursian 8,https://slacktuev.org/2016/04/13/tweak-of-the-week-2-the-ursian-8/,Slackline Tübingen,,Knowledge,Article,English,,sling; rigging; anchor; tree; trunk,Nir Avneyon,2017-07-12T21:51:06Z
217,SUPER PRIMITIVE,https://slacktuev.org/2016/04/05/tweak-of-the-week-1-super-primitive/,Slackline Tübingen,,Knowledge,Article,English,,primitive; travel kit; light; rigging,Nir Avneyon,2017-07-12T21:51:06Z
218,Lashing hard – What is a cord primitive?,https://slacktuev.org/2015/11/08/lashing-hard-what-is-a-cord-primitive/,Slackline Tübingen,,Knowledge,Article,English,,rope primitive; rigging,Nir Avneyon,2017-07-12T21:51:06Z
219,Webbing slippage in low-tension highlines,https://slacktuev.org/2015/11/05/webbing-slippage-in-low-tension-highlines/,Slackline Tübingen,,Knowledge,Article,English,Marathon; Zilla 3.0; Lynx 3.0; Lynx 4.0 Vari; Yang; SladLock Power,webbing; slippage; low tension; rigging; safety,Nir Avneyon,2017-07-12T21:51:06Z
220,How to Walk a Slackline,http://www.wikihow.com/Walk-a-Slackline,,,Techniques,Article,English,,beginner; 101; guide,Nir Avneyon,2017-07-12T21:51:06Z
221,Learn How to Slackline,http://www.slacklineexpress.com/tips.htm,,,Techniques,Article,English,,beginner; 101; guide,Nir Avneyon,2017-07-12T21:51:06Z
222,Tips for the first steps on line,https://www.slackline-tools.com/know-how/first-steps/,,,Techniques,Article,English,,beginner; 101; guide,Nir Avneyon,2017-07-12T21:51:06Z
223,The Beginners Guide To Slacklining,http://www.lifehack.org/articles/lifestyle/the-beginners-guide-slacklining-2.html,,,Techniques; Purchase guide,Article,English,,beginner; 101; guide,Nir Avneyon,2017-07-12T21:51:06Z
224,Slackline Tricks Encyclopedia,http://slackline.hivefly.com/slackline-tricks-encyclopedia/#jump-mount,,,Techniques; Database,Article; Video,English,,slackline; tricks; encyclopedia; wiki; guide; db; database,Nir Avneyon,2017-07-12T21:51:06Z
225,World Slackliners Database,http://www.balancecommunity.com/community/slackliner-database,Balance Community,,Database,Map,English,,world; slackliners; database; people; map,Nir Avneyon,2017-07-12T21:51:06Z
226,Europe Waterlines Database,http://waterlinedatabase.blogspot.co.il/,,,Slackline spots; Database; Blog,Map; Article,English,,europe; waterline; map; blog; france; corse; palma; malta,Nir Avneyon,2017-07-12T21:51:06Z
227,The Highline Database,http://highlinedatabase.blogspot.co.il/,,,Slackline spots; Database; Blog,Map; Article,English,,highline; database; topo; map,Nir Avneyon,2017-07-12T21:51:06Z
228,Slackline Records Database,https://docs.google.com/spreadsheets/d/15K6u1orqLN3bRo8Jr1WsSyF-6WLlu1cTlIuYmjxNd5c/edit#gid=437905943,,,Database,Sheet,English,,world; records; slackline; waterline; longline; highline,Nir Avneyon,2017-07-12T21:51:06Z
229,Slackline Spots in Switzerland,https://www.google.com/maps/d/u/0/viewer?ie=UTF8&oe=UTF8&t=h&msa=0&mid=1AMrjOEFCxzas0EwN1_NQDp5UI6I&ll=46.88484545391794%2C8.253484000000071&z=9,,,Slackline spots; Database,Map,English,,highline; database; topo; map; switzerland,Nir Avneyon,2017-07-12T21:51:06Z
230,Slackline Festivals/Events in Europe,https://www.facebook.com/groups/Highline.Actions.Europe/files/,,,Database,Document,English,,highline; festivals; events; europe,Nir Avneyon,2017-07-12T21:51:06Z
231,Slackline Festivals,http://www.slacklinefestivals.com/,,,Database; Blog,Article; Video,English,,highline; festivals; events; world,Nir Avneyon,2017-07-12T21:51:06Z
232,Slackline Gear Impact Resistance Test,http://slack-mountain.com/en/content/29-Impact-resistance-test-and-Slackline-Jumpline,Slack Mountain,,Knowledge,Article,English,,gear; test; safety; repetitive; cyclic; load; break; lab; jumpline; trickline; shock,Nir Avneyon,2017-07-12T21:51:06Z
233,Europe Slackline Database,http://slack-mountain.com/en/content/14-spots-map,Slack Mountain,,Slackline spots; Database,Map,English,,europe; waterline; map; blog; france; corse; palma; malta; highline,Nir Avneyon,2017-07-12T21:51:06Z
234,Fatigue Testing Part 1 - Rupture and fatigue,http://blog.slack.fr/2013/10/essais-de-fatigue-partie-1.html,Slack.fr Blog,2013-10-22,Knowledge,Article,French,,rupture; break; test; carabiner; ring; shackle; delta; safety; wll; mbs,Nir Avneyon,2017-07-12T21:51:06Z
235,Fatigue Testing Part 2 - Material wear,http://blog.slack.fr/2013/10/essais-de-fatigue-partie-2.html,Slack.fr Blog,2013-10-28,Knowledge,Article,French,,rupture; break; test; carabiner; ring; shackle; delta; safety; wear; wll; mbs,Nir Avneyon,2017-07-12T21:51:06Z
236,Fatigue Testing Part 3 - Carabiners,http://blog.slack.fr/2013/11/essais-de-fatigue-partie-3.html,Slack.fr Blog,,Knowledge,Article,French,,rupture; break; test; carabiner; safety; wear; wll; mbs,Nir Avneyon,2017-07-12T21:51:06Z
237,Fatigue Testing Part 4 - Stress Tests,http://blog.slack.fr/2016/02/tests-de-fatigue-facon-jumpline.html,Slack.fr Blog,,Knowledge,Article,English; French,,rupture; break; test; carabiner; safety; weblock; pulley; ratchet; leash ring; wll; mbs; cyclic; load,Nir Avneyon,2017-07-12T21:51:06Z
238,A Socio-Scientific View on the Slackline Community,https://www.jroehm.com/2013/09/a-socio-scientific-view-on-the-slackline-community/,,2013-09-01,Info,Article; Chart,English,,nationality; social; skills; experience; gender; demographics; age; survey,Nir Avneyon,2017-07-12T21:51:06Z
239,Slackline Load Calculator,http://slackline.sparkfire.net/,,,Calculator,Calculator,English,,slackline; load; calculator,Nir Avneyon,2017-07-12T21:51:06Z
240,Line Tension Calculator,http://slack.e30tuner.com/articles_linetension.php,,,Calculator,Calculator; Article,English,,slackline; load; calculator; math; explanation,Nir Avneyon,2017-07-12T21:51:06Z
241,Stability of rock Boulders as Highline Anchors Calculator,http://www.katlein.de/pages/slackline/felskopf-rechner.php,,,Calculator,Calculator,English,,stabilityrock; boulder; weight; anchor; highlne; safety,Nir Avneyon,2017-07-12T21:51:06Z
242,Safety and Quality of Shackles,https://aki-slacklines.de/en/blog/detail/sCategory/52/blogArticle/2,Aki Slacklines,2017-02-09,Knowledge,Article,English,,safety; quality; shackles; materials; steel; forging; investment casting; deformation; resistance; safety; fracture; fatigue; strength; porosity; cavity,Nir Avneyon,2017-07-12T21:51:06Z
243,Swiss Slackline Community Map,http://www.swiss-slackline.ch/overview.en.html,Swiss Slackline,,Slackline spots; Database,Map,English,,swiss; slackline; community; map; group; crew,Nir Avneyon,2017-07-12T21:51:06Z
244,Slackline Variations & Disciplines,http://www.swiss-slackline.ch/varianten-disziplinen.en.html,Swiss Slackline,,Knowledge,Article,English,,variations; disciplines; slackline; longline; highline; trickline; jumpline; waterline; rodeoline; speedline,Nir Avneyon,2017-07-12T21:51:06Z
245,What is slacklining?,http://www.swiss-slackline.ch/was-ist-slacklinen.en.html,Swiss Slackline,,Knowledge,Article,English,,history; tightrope difference,Nir Avneyon,2017-07-12T21:51:06Z
246,Tree protection when slacklining,http://www.swiss-slackline.ch/tree_protection.en.html,Swiss Slackline,,Knowledge,Article,English,,friction; pressure; tension; tree protection; diametre,Nir Avneyon,2017-07-12T21:51:06Z
247,US Slackline Access,https://slackline.us/access/,Slackline.US,,Info,Article,English,,access; legal; guidelines; public; parks; policies; states,Nir Avneyon,2017-07-12T21:51:06Z
248,Slackline Accident and Incident Report 2015,http://slacklineinternational.org/wp-content/uploads/2016/11/Accident-and-Injury-Report-2015-Final-EN.pdf,International Slackline Association,,Info,Article; Chart,English,,accident; incident; report; 2015; injury; safety; slackline,Nir Avneyon,2017-07-12T21:51:06Z
249,Highlining – The 10 Most Important Points,http://www.swiss-slackline.ch/highline.en.html?file=files/swiss-slackline/documents%20and%20publications/highline/highlining-the_10_most_important_points_v3.pdf,Swiss Slackline,,Knowledge,Article,English,,highline; points; safety; rigging,Nir Avneyon,2017-07-12T21:51:06Z
250,Recommendations for Longliners,http://slacklineinternational.org/wp-content/uploads/2014/12/longline_recommendations_2016_EN_web_v2.pdf,International Slackline Association,2016-06-01,Knowledge,Article,English,,longline; points; safety; rigging; tree,Nir Avneyon,2017-07-12T21:51:06Z
251,Lunules Anchor,http://en.slackline974.org/lunules/,Slackline 974,2016-06-07,Knowledge,Article,English,,lunules; rigging; anchor; strength; abrasion; cordages; dyneema,Nir Avneyon,2017-07-12T21:51:06Z
252,Réunion Slack Spots Map,https://www.google.com/maps/d/u/0/viewer?hl=fr&authuser=0&mid=1n6nooRnRDGoXxhym2VXyntgfRBA&ll=-21.214222347617397%2C55.577331699732895&z=10,Slackline 974,,Slackline spots; Database,Map,French,,réunion; reunion; slack; spots; map; island; highline; waterline,Nir Avneyon,2017-07-12T21:51:06Z
253,Slackchat,https://www.facebook.com/groups/slackchat/,,,Forum,Forum,English,,facebook; group; international,Nir Avneyon,2017-07-12T21:51:06Z
254,How to get the highline across the gap,https://www.youtube.com/watch?v=Dx---yj39j8,HowNOTtoHIGHLINE,2017-03-01,Knowledge,Video,English,,rigging; highline; gap,Nir Avneyon,2017-07-12T21:51:06Z
255,How to clean dirty slackline gear,https://raed-slacklines.com/blog/clean-wash-slackline-gear,Raed Slacklines,2016-07-28,Knowledge,Article,English,,clean; wash; slackline; webbing; dirty,Nir Avneyon,2017-07-12T21:51:06Z
256,Highline Rigging Example - Start to Finish #2,https://www.youtube.com/watch?v=vhbO205fyTI,HowNOTtoHIGHLINE,2017-03-15,Knowledge,Video,English,,rigging; example; full,Nir Avneyon,2017-07-12T21:51:06Z
257,Taping Highlines,https://www.youtube.com/watch?v=4MRoBEHN2mk,HowNOTtoHIGHLINE,2017-03-29,Knowledge,Video,English,,tape; taping; highline,Nir Avneyon,2017-07-12T21:51:06Z
258,Tensioning Highlines,https://www.slacklinetechnology.com/tech/tensioning-highlines,Slackline Technology,2017-03-28,Knowledge,Article,English,,tension; tensioning; highline; soft release; ellington; buckingham,Nir Avneyon,2017-07-12T21:51:06Z
259,Highline Backups - Types and Tensions,https://www.youtube.com/watch?v=nVn4BJaxMFg,HowNOTtoHIGHLINE,2017-04-12,Knowledge,Video,English,,highline; backup; type; tension; midline; safety,Nir Avneyon,2017-07-12T21:51:06Z
260,A Tail Walk - Webbing Slippage,https://www.facebook.com/groups/slackchat/permalink/1230991093641432/,,2016-10-29,Knowledge,Video,English,,webbing; slippage; fail; tension; safety,Nir Avneyon,2017-07-12T21:51:06Z
262,Highline Rigging Example #3 - Mexico,https://www.youtube.com/watch?v=vL9E57lxDHg,HowNOTtoHIGHLINE,2017-04-25,Knowledge,Video,English,,rigging; example; full; adjustable spanset,Nir Avneyon,2017-07-12T21:51:06Z
263,Quicklink Breaking Strength Test,https://www.youtube.com/watch?v=ovTYgphEn3Y,Slacktivity (Youtube/Facebook),2017-05-02,Knowledge,Video,English,,quicklinks; break test; break; lab; measurement,Nir Avneyon,2017-07-12T21:51:06Z
264,RamLock Load Tests,https://www.slacklinetechnology.com/tech/ramlock-load-tests-slackline-anchor,Slackline Technology,2017-05-02,Knowledge,Article,English,RamLock,break test; weblock; lab; break; measurement,Nir Avneyon,2017-07-12T21:51:06Z
265,Webbing-Slippage in Weblocks - Some basic Research,https://www.youtube.com/watch?v=VKiB7H2TbaU,Slacktivity (Youtube/Facebook),2017-03-27,Knowledge,Video,English,,webbing; slippage; weblocks,Nir Avneyon,2017-07-12T21:51:06Z
266,Slackline-Tutorial: The Panic Roll,https://www.youtube.com/watch?v=pZihozjqHfc,Slacktivity (Youtube/Facebook),2017-03-07,Techniques,Video,English,,tutorial; panic roll; trick,Nir Avneyon,2017-07-12T21:51:06Z
267,Highline-Tutorial: The Sofa-Bounce,https://www.youtube.com/watch?v=aevMq1WFpe8,Slacktivity (Youtube/Facebook),2017-01-27,Techniques,Video,English,,tutorial; sofa bounce; trick,Nir Avneyon,2017-07-12T21:51:06Z
268,Slackline Pulley System Calculater,https://slackline.jp/slackline-pulley-system-calculater/,Slackline Japan,2017-04-29,Knowledge,Calculator,English,,pulley system; calculator; multiplier; friction; efficiency,Nir Avneyon,2017-07-12T21:51:06Z
269,HangOver-Pulley System-Consider friction efficiency,https://slackline.jp/hangover-pulley-system-efficiency/,Slackline Japan,2017-04-14,Knowledge,Calculator,English,Hangover 2.0; HangOver-S,calculator; multiplier; friction; efficiency,Nir Avneyon,2017-07-12T21:51:06Z
270,Reddit Slackline Forum,https://www.reddit.com/r/Slackline/,,,Forum,Forum,English,,,Nir Avneyon,2017-07-12T21:51:06Z
271,Nylon and UV radiation,https://www.facebook.com/SLACKTIVITY/videos/1213192232141811/?hc_ref=NEWSFEED,Slacktivity (Youtube/Facebook),2017-05-08,Knowledge,Video,English,RedTUBE,breaking; break test; sun; uv; radiation; lab; measurement; nylon,Nir Avneyon,2017-07-12T21:51:06Z
272,Forces on a Rodeo Line,https://drive.google.com/file/d/0B-0X9YOXzlXjM1FqamFyTHAwQ0E/view,,2016-02-04,Knowledge,Article,English,,rodeo; forces; tension; measurement; test,Nir Avneyon,2017-07-12T21:51:06Z
273,Highline Tag Line Options,https://www.youtube.com/watch?v=hE4dl3exTKo,HowNOTtoHIGHLINE,2017-05-10,Knowledge,Video,English,,tag; tagline,Nir Avneyon,2017-07-12T21:51:06Z
274,"How to Bolt Rock Climbs, and How Not To",http://upskillclimbing.blogspot.com/2009/02/how-to-bolt-rock-climbs-and-how-not-to.html,,2009-02-04,Knowledge,Article; Video,English,,bolting; safety; guide,Nir Avneyon,2017-07-12T21:51:06Z
275,Highline Tag Lines - Tips and Tricks,https://www.youtube.com/watch?v=swSAwllatBE,HowNOTtoHIGHLINE,2017-05-24,Knowledge,Video,English,,tag; tagline; tips,Nir Avneyon,2017-07-12T21:51:06Z
276,Breaking Strength and Stretch Rate of Ropes and Slacklines,https://www.youtube.com/watch?v=HDHbtUl3Ftg,Slacktivity (Youtube/Facebook),2017-05-30,Knowledge,Video,English,SeaHorse DP 1.5,breaking; break test; strength; nylon; rope; static; dynamic; weblock; stretch,Nir Avneyon,2017-07-12T21:51:06Z
277,Highline Rigging Example #4 Yosemite Half Dome,https://www.youtube.com/watch?v=qpXjZqfgjgg,HowNOTtoHIGHLINE,2017-06-07,Knowledge,Video,English,,rigging; example; full; weight; natural rig,Nir Avneyon,2017-07-12T21:51:06Z
278,How to make a good knot to prevent slippage in the seaHorse,https://www.youtube.com/watch?v=LfP3LJ_D6Cs,Slacktivity (Youtube/Facebook),2017-06-19,Knowledge,Video,English,SeaHorse DP 1; SeaHorse DP 1.5,weblock; knot; slippage; prevention; seahorse; hgf,Nir Avneyon,2017-07-12T21:51:06Z
279,Slackline-KnowHow: How to prevent slippage in the seaHorse,https://www.youtube.com/watch?v=AFxpAqgyHOk,Slacktivity (Youtube/Facebook),2017-06-05,Knowledge,Video,English,SeaHorse DP 1; SeaHorse DP 1.5,weblock; slippage; prevention; seahorse,Nir Avneyon,2017-07-12T21:51:06Z
280,Rope Test Lab,https://www.facebook.com/groups/RopeTestLab/,,,Forum,Forum,,,rope; test; lab,Nir Avneyon,2017-07-12T21:51:06Z
281,Tricks on Long- and Highlines,https://www.facebook.com/groups/145260032618773/,,,Forum,Forum,,,highline; tricks; tips,Nir Avneyon,2017-07-12T21:51:06Z
283,The Bolting Bible,https://www.slackademics.com/the-bolting-bible/,Slackademics,2017-06-21,Knowledge,Article,English,,bolting; guide; ethics; rules; rock; drill,Nir Avneyon,2017-07-12T21:51:06Z
284,Tubelicious – Why being empty on the inside can be awesome,https://slacktuev.org/2015/03/19/tubelicious-why-being-empty-on-the-inside-can-be-awesome/,Slackline Tübingen,2015-03-18,Knowledge,Article,English,Slack-Spec Tubelar; Element; Wave Tube; RedTUBE; Sigma N,tubular; webbing,Nir Avneyon,2017-07-12T21:51:06Z
