id,name,country,address,lat,lng,status,Year established,Is Active,Is Slackline Oriented,Website,Facebook page,Description,starter_kits count,tree_protectors count,webbings count,rating (/10),ratings,reviews,facebook rating (/5),facebook ratings,logo,contributors,created,last edited,slackdb url,line_sliders count,weblocks count,leash_rings count,webbing_grips count,trickline_kits count,rope_brakes count,connectors count
1,Gibbon,Germany,,48.77256774902344,9.168012619018555,Active,2007,yes,yes,http://www.gibbon-slacklines.com,https://www.facebook.com/Gibbon-Slacklines-85859466425,,1,1,2,10,1,1,,,image_files/manufacturers/gibbon.jpg,Nir Avneyon; Gaston Armand,2017-07-12T21:51:06Z,2017-06-29T07:51:54Z,https://slackdb.com/manufacturer_details/Gibbon,,,,,,,
2,Landcruising,Germany,,51.08504104614258,13.76804065704346,Active,2007,,yes,,https://www.facebook.com/landcruising.slackline,,,,14,9,29,2,,,image_files/manufacturers/landcruising.jpg,Nir Avneyon; Moshe Klasovsky; Andrés Rojas,2017-07-12T21:51:06Z,2020-04-19T09:56:07Z,https://slackdb.com/manufacturer_details/Landcruising,1,9,1,,,,
3,Balance Community: Slackline Outfitters,United States,"2023 W Carroll Ave STE C209D Chicago, IL 60612",36.778261,-119.4179324,Active,2009,yes,yes,http://www.balancecommunity.com,https://www.facebook.com/BalanceCommunity,Designer and retailer of slackline-specific equipment.,2,3,23,10,72,1,,,image_files/manufacturers/balance_community.jpg,Nir Avneyon; Andrés Rojas; Jerry Miszewski,2017-07-12T21:51:06Z,2018-02-23T19:17:16Z,https://slackdb.com/manufacturer_details/BalanceCommunity,,5,4,1,,,
4,Slack Mountain,France,9 bd carlone nice,43.6936148,7.2422023,Active,2010,yes,yes,http://slack-mountain.com,https://www.facebook.com/slackmountain,,6,1,23,10,38,0,,,image_files/manufacturers/slack_mountain.jpg,Nir Avneyon; Romain Schempf,2017-07-12T21:51:06Z,2017-08-04T10:00:18Z,https://slackdb.com/manufacturer_details/SlackMountain,1,6,,,,,
5,Slack Pro!,Germany,,49.38449859619141,7.45644998550415,Active,,,yes,http://www.slackpro.de,https://www.facebook.com/Slackpro-157374974272544,,,,2,,,0,,,image_files/manufacturers/slack_pro.jpg,Nir Avneyon; Thomas Buckingham,2017-07-12T21:51:06Z,2020-09-21T17:25:12Z,https://slackdb.com/manufacturer_details/SlackPro,,2,,6,,,
6,Slacktivity,Switzerland,,47.35876083374023,8.552663803100586,Active,,yes,yes,http://www.slacktivity.com,https://www.facebook.com/slacklinetechnology,,6,3,9,10,5,0,,,image_files/manufacturers/slacktivity.jpg,Nir Avneyon,2017-07-12T21:51:06Z,2017-06-29T08:18:35Z,https://slackdb.com/manufacturer_details/Slacktivity,3,6,2,,1,,
7,Slack Inov,France,,45.18862915039063,5.72456693649292,Active,,yes,yes,http://slack-inov.com/gb,https://www.facebook.com/slack.inov,,2,,10,10,7,0,,,image_files/manufacturers/slack_inov.jpg,Nir Avneyon,2017-07-12T21:51:06Z,2017-06-29T08:11:31Z,https://slackdb.com/manufacturer_details/SlackInov,1,6,2,,,,
8,Line Spirit,France,122 avenue Général Frère 69008 LYON,45.72918701171875,4.879298210144043,Active,,,yes,,https://www.facebook.com/LineSpirit,,,,10,10,1,0,,,image_files/manufacturers/line_spirit.jpg,Nir Avneyon,2017-07-12T21:51:06Z,2020-04-19T09:55:53Z,https://slackdb.com/manufacturer_details/LineSpirit,,1,1,,,,
9,Equilibrium Slacklines (EQB),Czech Republic,"Prosecska 117, Jablonec nad Nisou",50.7249375,15.1252275,Active,2008,yes,yes,https://www.slackshop.cz/en/,https://www.facebook.com/eqb.cz,,4,1,14,,,0,,,image_files/manufacturers/eqb.jpg,Nir Avneyon; Jakub Dostál,2017-07-12T21:51:06Z,2021-03-30T12:34:26Z,https://slackdb.com/manufacturer_details/EQB,3,19,2,1,,1,
10,Elephant,Germany,Hermann-Köhl-Straße 2 D-89160 Dornstadt,48.4592819213867,9.96664047241211,Active,2010,,yes,http://www.elephant-slackline.com,https://www.facebook.com/ElephantSlacklines,,,1,5,10,37,0,,,image_files/manufacturers/elephant.jpg,Nir Avneyon; Thomas Buckingham,2017-07-12T21:51:06Z,2020-09-21T17:42:27Z,https://slackdb.com/manufacturer_details/Elephant,,1,,,,,
11,2 Trees,Poland,"Warsaw, Poland",52.2280731201172,21.0122299194336,Active,,,yes,,https://www.facebook.com/2TreesSlacklines,,,,,,,0,,,image_files/manufacturers/2_trees.jpg,Nir Avneyon,2017-07-12T21:51:06Z,2020-04-18T20:16:11Z,https://slackdb.com/manufacturer_details/2Trees,,,,,,,
12,Slack.fr,France,,45.74699401855469,6.321059226989746,Active,2005,,yes,http://slack.fr,https://www.facebook.com/Slack.fr,,,1,14,9,168,1,,,image_files/manufacturers/slack_fr.jpg,Nir Avneyon; Gaston Armand; Thomas Buckingham,2017-07-12T21:51:06Z,2020-09-21T17:21:08Z,https://slackdb.com/manufacturer_details/Slackfr,,1,1,,1,,
13,Gambit,Germany,Am Traugraben 8 97342 Marktsteft,49.68946075439453,10.14486694335938,Active,,,yes,,https://www.facebook.com/GAMBITSlacklines,,,,2,10,10,0,,,image_files/manufacturers/gambit.jpg,Nir Avneyon,2017-07-12T21:51:06Z,2020-04-19T21:21:30Z,https://slackdb.com/manufacturer_details/Gambit,,,,,,,
14,Slackline brothers,United States,"38 Laderman lane Greenbrae, California",37.944977,-122.524922,Active,2012,,yes,,https://www.facebook.com/slacklinebrothers,Was SBI,,,,10,9,0,,,image_files/manufacturers/slackline_brothers.jpg,Nir Avneyon,2017-07-12T21:51:06Z,2020-04-18T22:52:34Z,https://slackdb.com/manufacturer_details/Slacklinebrothers,,,,,,,
15,SlackTech,United States,"Redmond, Oregon",44.27281188964844,-121.173957824707,Active,2013,,yes,http://slacklinetechnology.com,https://www.facebook.com/slacklinetechnology,,,,,10,5,0,,,image_files/manufacturers/slacktech.jpg,Nir Avneyon; Thomas Buckingham,2017-07-12T21:51:06Z,2020-09-21T17:25:01Z,https://slackdb.com/manufacturer_details/SlackTech,,1,,,,,
16,SlackGear,South Africa,Cape Town,-33.92723083496094,18.42595481872559,Active,,yes,yes,http://www.slackgear.co.za,https://www.facebook.com/slackgear,,1,,1,,,0,,,image_files/manufacturers/slackgear.jpg,Nir Avneyon,2017-07-12T21:51:06Z,2017-06-29T08:13:27Z,https://slackdb.com/manufacturer_details/SlackGear,1,2,1,,,,
17,Slacklife,Brazil,Belo Horizonte,-19.91935920715332,-43.93666458129883,Active,,,yes,,,,,,,,,0,,,,Nir Avneyon,2017-07-12T21:51:06Z,2020-04-18T22:34:29Z,https://slackdb.com/manufacturer_details/Slacklife,,,,,,,
18,One Inch Dreams,Germany,,47.85712432861328,12.11810207366943,Active,,,yes,http://www.oneinchdreams.com,https://www.facebook.com/OneInchDreams,,,,,10,23,0,,,image_files/manufacturers/one_inch_dreams.jpg,Nir Avneyon; Thomas Buckingham,2017-07-12T21:51:06Z,2020-09-21T17:43:55Z,https://slackdb.com/manufacturer_details/OneInchDreams,,1,,,,1,
19,Pure Slacklines,Australia,,-33.66659164428711,150.8229675292969,Active,,,yes,http://pureslacklines.com.au,https://www.facebook.com/PureSlacklines,,,,1,10,1,1,,,image_files/manufacturers/pure_slacklines.jpg,Nir Avneyon; Gaston Armand,2017-07-12T21:51:06Z,2020-04-19T10:15:57Z,https://slackdb.com/manufacturer_details/PureSlacklines,,1,,,,,
20,Yoga Slackers,United States,,36.8076286315918,-95.87574005126953,Active,,yes,yes,http://www.yogaslackers.com,https://www.facebook.com/yogaslackers,,2,,,,,0,,,image_files/manufacturers/yoga_slackers.jpg,Nir Avneyon,2017-07-12T21:51:06Z,2017-06-29T08:21:48Z,https://slackdb.com/manufacturer_details/YogaSlackers,,,,,,,
21,Slackline Industries,United States,"5277 Manhattan Circle, Suite 200, Bouder CO 80303",39.9850595,-105.2294599,Active,2014,yes,yes,http://www.slacklineindustries.com,https://www.facebook.com/SlacklineIndustries,,2,2,3,9,495,0,,,image_files/manufacturers/slackline_industries.jpg,Nir Avneyon; Frankie Najera,2017-07-12T21:51:06Z,2017-08-01T21:07:35Z,https://slackdb.com/manufacturer_details/SlacklineIndustries,,,,,1,,
22,Pump Slackline,Argentina,,-38.41609573364258,-63.61667251586914,Active,2008,yes,yes,,https://www.facebook.com/PumpSlacklineArg,,,,1,,,0,,,image_files/manufacturers/pump_slackline.jpg,Nir Avneyon,2017-07-12T21:51:06Z,2020-04-18T22:51:27Z,https://slackdb.com/manufacturer_details/PumpSlackline,,1,,,,,
23,Ambaradam,Spain,"Calle Cardeñosa 63, 1c 28053 Madrid",40.38210296630859,-3.672614097595215,Active,,,yes,http://ambaradam.net,https://www.facebook.com/AmbaradaMLongLineLab,,,,1,,,0,,,image_files/manufacturers/ambaradam.jpg,Nir Avneyon; Thomas Buckingham,2017-07-12T21:51:06Z,2020-09-21T17:25:51Z,https://slackdb.com/manufacturer_details/Ambaradam,,,,,,,
24,Spider slacklines,Italy,"Via San Giovanni Bosco, 25 Leffe (BG), 24026",45.8026237487793,9.888205528259277,Active,,yes,yes,http://www.spider-slacklines.com,https://www.facebook.com/SpiderSlacklines,,1,2,9,10,71,0,,,image_files/manufacturers/spider_slacklines.jpg,Nir Avneyon,2017-07-12T21:51:06Z,2017-06-29T08:19:31Z,https://slackdb.com/manufacturer_details/Spiderslacklines,,8,1,,1,,
25,Slackline tools,Germany,Eichhornstr. 19  78464 Konstanz,47.66942977905273,9.191108703613281,Active,2007,yes,yes,https://www.slackline-tools.de,https://www.facebook.com/SlacklineTools,,4,1,1,,,0,,,image_files/manufacturers/slackline_tools.jpg,Nir Avneyon,2017-07-12T21:51:06Z,2020-04-18T22:50:26Z,https://slackdb.com/manufacturer_details/Slacklinetools,,,1,,1,,
26,Raed Slacklines,Germany,"Kottwiesenring 58, 18184, Broderstorf",54.08347,12.26086,Active,2015,yes,yes,https://raed-slacklines.com,https://www.facebook.com/raedslacklines,"Raed slacklines produces innovative slackline pulley systems, weblocks, longline sets, whoopie slings, slackline webbings and TreePRO",1,2,11,,,0,,,image_files/manufacturers/raed_slacklines.jpg,Nir Avneyon; Stephan Chalkowski,2017-07-12T21:51:06Z,2017-08-02T10:40:46Z,https://slackdb.com/manufacturer_details/RaedSlacklines,,5,1,,,1,
27,Slack house,Poland,"Czeremcha 11, 91-866 Lodz",51.8066291809082,19.46814727783203,Active,,yes,yes,http://slackhouseshop.pl,https://www.facebook.com/slackhouse.official,,,3,6,,,0,,,image_files/manufacturers/slack_house.jpg,Nir Avneyon,2017-07-12T21:51:06Z,2017-06-29T08:11:08Z,https://slackdb.com/manufacturer_details/Slackhouse,,3,1,,,,
28,Singing rock,Czech Republic,Poniklá 317 514 01 Poniklá,50.66558456420898,15.45039176940918,Active,,yes,,http://www.singingrock.com,https://www.facebook.com/singingrock.page,,,,1,10,38,0,,,image_files/manufacturers/singing_rock.jpg,Nir Avneyon,2017-07-12T21:51:06Z,2017-06-29T08:10:44Z,https://slackdb.com/manufacturer_details/Singingrock,,,,,,,
29,Dakas,France,2 rue de la Foulerie 11120 Bize-Minervois,43.31871032714844,2.873188972473145,Active,,,yes,,https://www.facebook.com/Dakas.Slackline,,,,3,9,16,0,,,image_files/manufacturers/dakas.jpg,Nir Avneyon,2017-07-12T21:51:06Z,2020-04-19T22:50:46Z,https://slackdb.com/manufacturer_details/Dakas,,1,2,,,,
30,Slackliner.de,Germany,,51.04526901245117,7.018837928771973,Active,,yes,yes,https://www.slackliner.de,https://www.facebook.com/Slackliner.de,,3,,7,,,0,,,image_files/manufacturers/sigma.jpg,Nir Avneyon; Helmut Netzwerker,2017-07-12T21:51:06Z,2021-01-19T11:36:29Z,https://slackdb.com/manufacturer_details/Sigma,,3,,,,,
31,Petzl,France,Crolles,45.28490447998047,5.882983207702637,Active,,yes,,http://www.petzl.com/en?l=INT,https://www.facebook.com/Petzl,,,,,9,308,0,,,image_files/manufacturers/petzl.jpg,Nir Avneyon,2017-07-12T21:51:06Z,2017-06-29T08:08:44Z,https://slackdb.com/manufacturer_details/Petzl,,,,,,10,
32,Edelrid,Germany,,47.69496917724609,10.04195690155029,Active,,yes,,http://www.edelrid.de/en,https://www.facebook.com/EDELRIDClimbing,,,,3,10,76,0,,,image_files/manufacturers/edelrid.jpg,Nir Avneyon,2017-07-12T21:51:06Z,2017-06-29T07:49:18Z,https://slackdb.com/manufacturer_details/Edelrid,,,,,,1,
33,Rock Exotica,United States,,41.09926986694336,-112.0299377441406,Active,,yes,,http://www.rockexotica.com,https://www.facebook.com/Rock-Exotica-147747201953857,,,,,,,0,,,image_files/manufacturers/rock_exotica.jpg,Nir Avneyon,2017-07-12T21:51:06Z,2017-06-29T08:09:53Z,https://slackdb.com/manufacturer_details/RockExotica,,,,,,,
34,SMC,United States,"6930 Salashan Parkway Ferndale, Washington 98248",48.89472579956055,-122.6079330444336,Active,1967,yes,,http://smcgear.com,https://www.facebook.com/mySMCgear,,,,,9,43,0,,,image_files/manufacturers/smc.jpg,Nir Avneyon,2017-07-12T21:51:06Z,2017-06-29T08:19:11Z,https://slackdb.com/manufacturer_details/SMC,,,,,,1,
35,Camp,Italy,"Via Roma, 23, Premana, 23834 Province of Lecco,",46.05486679077148,9.415282249450684,Active,,yes,,http://www.camp.it,https://www.facebook.com/camp1889,,,,,,,0,,,image_files/manufacturers/camp.jpg,Nir Avneyon,2017-07-12T21:51:06Z,2017-06-29T06:46:37Z,https://slackdb.com/manufacturer_details/Camp,,,1,,,1,
36,Climbing Technology (CT),Italy,"Via Torchio, 22 - 24034 Cisano Bergamasco",45.73601531982422,9.460609436035156,Active,,yes,,http://www.climbingtechnology.com,https://www.facebook.com/ClimbingTechnologyItaly,,,,,10,104,0,,,image_files/manufacturers/ct.jpg,Nir Avneyon,2017-07-12T21:51:06Z,2017-06-29T06:48:13Z,https://slackdb.com/manufacturer_details/CT,,,2,,,3,
37,Van Beest,The Netherlands,Industrieweg 6 3361 HJ Sliedrecht,51.81785583496094,4.767495155334473,Active,,yes,,http://www.vanbeest.com,https://www.facebook.com/VanBeestInternational,,,,,,,0,,,image_files/manufacturers/van_beest.jpg,Nir Avneyon,2017-07-12T21:51:06Z,2017-06-29T08:21:29Z,https://slackdb.com/manufacturer_details/VanBeest,,,,,,,6
38,Omega Pacific,United States,,47.63488006591797,-117.5703964233398,Active,,,,,https://www.facebook.com/OmegaPacific,,,,,,,0,,,image_files/manufacturers/omega_pacific.jpg,Nir Avneyon,2017-07-12T21:51:06Z,2020-04-19T10:04:04Z,https://slackdb.com/manufacturer_details/OmegaPacific,,,,,,,
39,Tendon,Czech Republic,Hlučínská 96/1 747 23 Bolatice,49.95263290405273,18.08158111572266,Active,,yes,,http://www.mytendon.com,https://www.facebook.com/mytendon,,,,,9,65,0,,,image_files/manufacturers/tendon.jpg,Nir Avneyon,2017-07-12T21:51:06Z,2017-06-29T08:20:35Z,https://slackdb.com/manufacturer_details/Tendon,,,,,,,
40,Slackline Animals,Canada,1403-2050 Nelson Street.Vancouver BC,49.29177856445313,-123.1429443359375,Active,,,yes,,https://www.facebook.com/slacklineanimals,,,,,10,1,0,,,image_files/manufacturers/slackline_animals.jpg,Nir Avneyon,2017-07-12T21:51:06Z,2020-04-18T22:45:11Z,https://slackdb.com/manufacturer_details/SlacklineAnimals,,,,,,,
41,Slacklife BC,Canada,Vancouver BC,49.28273010253906,-123.120735168457,Active,2013,yes,yes,http://slacklifebc.com,https://www.facebook.com/SlacklifeBC,,1,,6,,,0,,,image_files/manufacturers/slacklife_bc.jpg,Nir Avneyon,2017-07-12T21:51:06Z,2017-06-29T08:14:00Z,https://slackdb.com/manufacturer_details/SlacklifeBC,,,,,,,
42,Absolute Slacklines,Canada,"807-1875 Robson St., Vancouver, BC, V6G 1E5",49.2922782897949,-123.136306762695,Active,,,yes,http://www.absoluteslacklines.com,https://www.facebook.com/AbsoluteSlacklines,,,,1,9,26,0,,,image_files/manufacturers/absolute_slacklines.jpg,Nir Avneyon; Sto Rch,2017-07-12T21:51:06Z,2021-05-26T11:22:02Z,https://slackdb.com/manufacturer_details/AbsoluteSlacklines,,1,,,,,
43,Slackline Shop NZ,New Zealand,4/109 Majori Banks Street Mt Victoria,-41.29513168334961,174.7903442382813,Active,,yes,yes,http://www.slacklineshop.co.nz,https://www.facebook.com/SlacklineshopNZ,,1,,2,6,19,0,,,image_files/manufacturers/slackline_shop_nz.jpg,Nir Avneyon,2017-07-12T21:51:06Z,2017-06-29T08:16:22Z,https://slackdb.com/manufacturer_details/SlacklineShopNZ,,,,,,,
44,Balancing Earth Slacklines,United States,"Warner Robins, Georgia 31095",32.59395217895508,-83.64009094238281,Active,,,yes,http://www.balancingearthslacklines.com,https://www.facebook.com/balancingearthslacklines,,,,2,10,10,0,,,image_files/manufacturers/balancing_earth_slacklines.jpg,Nir Avneyon; Sto Rch,2017-07-12T21:51:06Z,2021-05-26T11:34:54Z,https://slackdb.com/manufacturer_details/BalancingEarthSlacklines,,,,,,,
45,Petram Slacklines,Poland,"Wroclaw, Poland",51.10788345336914,17.03853797912598,Active,2014,yes,yes,https://petramslacklines.site123.me/,https://www.facebook.com/Petram.Slackline,,,,1,10,1,0,,,image_files/manufacturers/petram_slackline.jpg,Nir Avneyon; Kuba Bałdych,2017-07-12T21:51:06Z,2017-09-20T20:59:55Z,https://slackdb.com/manufacturer_details/PetramSlacklines,1,7,1,1,,,
46,Middle Way Slacklines,Israel,"Jerusalem, Israel",31.76968002319336,35.19475173950195,Active,,yes,yes,http://www.middlewayslacklines.com,https://www.facebook.com/MiddleWaySlacklines,,2,,3,10,16,0,,,image_files/manufacturers/middle_way_slackline.jpg,Nir Avneyon,2017-07-12T21:51:06Z,2017-06-29T08:07:38Z,https://slackdb.com/manufacturer_details/MiddleWaySlacklines,,,,,1,,
47,ISC,United Kingdom,,53.21799850463867,-4.111491203308106,Active,,yes,,http://www.iscwales.com,https://www.facebook.com/iscwalesuk,,,,,10,34,0,,,image_files/manufacturers/isc.jpg,Nir Avneyon,2017-07-12T21:51:06Z,2017-06-29T07:52:29Z,https://slackdb.com/manufacturer_details/ISC,,,,,,2,
48,Trango,United States,"740 S Pierce Ave Suite 15 Louisville, CO 80027",39.95905303955078,-105.1210021972656,Active,,yes,,http://www.trango.com,http://www.facebook.com/pages/Trango-Extraordinary-Climbing/158158420882901,,,,,,,0,,,image_files/manufacturers/trango.jpg,Nir Avneyon,2017-07-12T21:51:06Z,2017-06-29T08:21:09Z,https://slackdb.com/manufacturer_details/Trango,,,,,,1,
49,Episwiss Rigging,Switzerland,Zürich,47.37688446044922,8.541666030883789,Active,,yes,,http://www.episwiss.com,https://www.facebook.com/Episwiss,,,,,,,0,,,image_files/manufacturers/episwiss.jpg,Nir Avneyon,2017-07-12T21:51:06Z,2017-06-29T07:50:26Z,https://slackdb.com/manufacturer_details/EpiswissRigging,,,,,,1,
50,Slacklining Canada,Canada,"206-1760, Surrey, BC, V4A 6E5",49.01710891723633,-122.762321472168,Active,,,yes,http://www.slacklining.ca,https://www.facebook.com/slackliningcanada,,,,1,,,0,,,image_files/manufacturers/slacklining_canada.jpg,Nir Avneyon; Sto Rch,2017-07-12T21:51:06Z,2021-05-26T12:32:55Z,https://slackdb.com/manufacturer_details/SlackliningCanada,,,,,,,
51,Cat on slack,Poland,,51.96945190429688,19.07363128662109,Active,,yes,yes,http://www.catonslack.com,https://www.facebook.com/CatOnSlack,,,,,,,0,,,image_files/manufacturers/cat_on_slack.jpg,Nir Avneyon,2017-07-12T21:51:06Z,2017-06-29T06:47:05Z,https://slackdb.com/manufacturer_details/Catonslack,,5,,,,,
52,Kong,Italy,"Via XXV Aprile, 4, 23804 Levata, Monte Marenzo LC",45.76240539550781,9.446121215820312,Active,,yes,,http://www.kong.it,https://www.facebook.com/kongitaly,,,,,9,65,0,,,image_files/manufacturers/kong.jpg,Nir Avneyon,2017-07-12T21:51:06Z,2017-06-29T07:53:06Z,https://slackdb.com/manufacturer_details/Kong,,,1,,,,
53,ZERGE outdoor,United Kingdom,Manchester,53.48075866699219,-2.242630958557129,Active,,yes,yes,http://zergeoutdoor.com,https://www.facebook.com/zergeoutdoor,,,,,,,0,,,image_files/manufacturers/zerge_outdoor.jpg,Nir Avneyon,2017-07-12T21:51:06Z,2017-06-29T08:22:07Z,https://slackdb.com/manufacturer_details/ZERGEoutdoor,2,1,3,,,,
54,Fusion Climb,United States,"Chino Hills, CA. 91709",33.98189926147461,-117.7131423950195,Active,,yes,,http://www.fusionclimb.com,https://www.facebook.com/FusionClimbUSA,,,,,9,9,0,,,image_files/manufacturers/fusion_climb.jpg,Nir Avneyon,2017-07-12T21:51:06Z,2017-06-29T07:51:11Z,https://slackdb.com/manufacturer_details/FusionClimb,,,1,,,,
55,Slackstar,Germany,Am Grünberg 8 92318 Neumarkt/Opf.,49.29862976074219,11.40809059143066,Active,,yes,yes,http://slackstar.de,,,11,2,,,,0,,,image_files/manufacturers/slackstar.jpg,Nir Avneyon,2017-07-12T21:51:06Z,2020-04-21T08:21:11Z,https://slackdb.com/manufacturer_details/StackStar,,,,,,,
58,CMC Rescue,United States,,37.09024,-95.712891,,,yes,,http://www.cmcrescue.com/,https://www.facebook.com/cmcrescue,,,,,,,0,,,image_files/manufacturers/cmc_rescue.jpg,Helmut Netzwerker,2017-08-06T18:47:54Z,,https://slackdb.com/manufacturer_details/cmc_rescue,,,,,,1,
59,Mammut,Switzerland,,46.818188,8.227512,,,yes,,https://www.mammut.com/,https://www.facebook.com/Mammut/,,,,1,,,0,,,image_files/manufacturers/mammut.jpg,Helmut Netzwerker,2017-08-21T11:42:55Z,,https://slackdb.com/manufacturer_details/mammut,,,,,,,
60,Krok,Russian Federation,Луганская обл,48.574041,39.307815,,,yes,,https://krok.biz,https://www.facebook.com/tmkrok,,,,,,,0,,,image_files/manufacturers/krok.jpg,Nir Avneyon,2017-10-01T11:46:15Z,,https://slackdb.com/manufacturer_details/krok,,1,,,,,
61,BananasColombia,Colombia,carrera 9 # 146- 45,4.6570664,-74.0562368,,2015,,yes,,https://www.facebook.com/BananasColombia,,,,,,,0,,,,Slackline MalagaTrick; Nir Avneyon; Sto Rch,2018-09-08T20:02:24Z,2021-05-26T11:35:19Z,https://slackdb.com/manufacturer_details/bananascolombia,,,,,,,
62,Souz Slackline,Russian Federation,Saint Petersburg,59.9342802,30.3350986,,2018,,yes,https://souzslackline.com,,,,,1,,,0,,,,Nir Avneyon,2018-09-26T22:21:22Z,2024-04-12T18:28:49Z,https://slackdb.com/manufacturer_details/souz_slackline,,9,1,2,,,
63,Balanceur,Romania,Iasi,47.1584549,27.6014418,,2017,yes,yes,https://www.balanceur.ro/,https://www.facebook.com/balanceur.slackshop/,We are Eastern Europe's baby slackshop.,,,2,,,0,,,image_files/manufacturers/balanceur.jpg,Paul Ionut Anton,2019-04-01T08:12:18Z,2019-04-01T08:16:35Z,https://slackdb.com/manufacturer_details/balanceur,,,,,,,
64,Aki Slacklines,Germany,"Lohrmannstr. 20, 01237 Dresden",51.0183288,13.788624,,,yes,yes,https://aki-slacklines.de,https://www.facebook.com/AkiSlack/,Reincarnation of the legendary Landcruising,3,,7,,,0,,,image_files/manufacturers/aki_slacklines.jpg,Nir Avneyon,2019-04-16T17:46:41Z,2019-04-16T17:47:21Z,https://slackdb.com/manufacturer_details/aki_slacklines,,2,,,,,
65,Slack Mitra,India,,22.3511148,78.6677428,,,yes,yes,https://www.instamojo.com/slackmitra,,,1,,,,,0,,,image_files/manufacturers/slack_mitra.jpg,Nir Avneyon,2020-04-21T08:33:27Z,,https://slackdb.com/manufacturer_details/slack_mitra,,,,1,,,
66,Viper Slacklines,South Africa,Cape Town,-33.928992,18.417396,,2017,yes,yes,https://www.viperslacklines.co.za,https://www.facebook.com/viperslacklines,"Viper Slacklines is a Cape Town, South Africa based slackline company. The business is run by two slackliners with slackliners in mind. What started out as a passion project quickly became a lifestyle and grew to the scale it is currently at with a ever growing active slackline community.",1,,,,,0,,,,Anton Schroegendorfer,2020-05-13T12:06:03Z,,https://slackdb.com/manufacturer_details/viper_slacklines,,,,,,,
67,Radrigs,United Kingdom,"s4 7yy, 53 sussex street",53.3874885,-1.4558776,,2018,yes,yes,https://www.radrigs.co.uk/,https://www.facebook.com/Radrigs-Slackline-Equipment-101532338172670/?modal=admin_todo_tour,,,,,,,0,,,image_files/manufacturers/radrigs.jpg,Joshua Leupolz,2020-09-21T18:32:41Z,2021-05-24T09:32:26Z,https://slackdb.com/manufacturer_details/radrigs,,1,,,,,
68,Shaoline Slack,Argentina,cordoba,-31.4173391,-64.183319,,,yes,yes,,https://www.facebook.com/ShaoLine-319592072005126,,,,,,,0,,,image_files/manufacturers/shaoline.jpg,Thomas Buckingham,2020-09-21T18:48:45Z,,https://slackdb.com/manufacturer_details/shaoline_slack,,,,,,,
69,A-Zero Slackline,Argentina,"Río Juramento 2635, Godoy Cruz, Mendoza",-32.872518,-68.831643,,2018,yes,yes,https://www.a-zero.com.ar/,https://www.facebook.com/A-Zero-175969599786013,"Fabricación de productos de anclaje, manipulación de las cintas y rescate, como así también productos relacionados y accesorios para Slackline",,,,,,0,,,image_files/manufacturers/a_zero.jpg,Thomas Buckingham; Emiliano Benito,2020-09-21T18:51:58Z,2021-03-22T16:43:23Z,https://slackdb.com/manufacturer_details/a-zero,,,,,,,
70,Slackear,Argentina,,-34.9964963,-64.9672817,,2013,yes,yes,,https://www.facebook.com/Slackear,,,,,,,0,,,image_files/manufacturers/slackear.jpg,Thomas Buckingham; Nir Avneyon,2020-09-21T18:52:40Z,2020-10-09T18:28:31Z,https://slackdb.com/manufacturer_details/slackear,,,,,,,
71,Dnd_Line,Argentina,,-34.9964963,-64.9672817,,,yes,yes,,https://www.facebook.com/trickline.dnd,,,,,,,0,,,,Thomas Buckingham,2020-09-21T18:53:59Z,,https://slackdb.com/manufacturer_details/dnd_line,,,,,,,
72,Geko Slacklines,Mexico,,19.4326296,-99.1331785,,,yes,yes,http://www.gekoslacklines.mx,,,1,,,,,0,,,image_files/manufacturers/geko_slacklines.jpg,Thomas Buckingham,2020-09-21T18:54:25Z,,https://slackdb.com/manufacturer_details/geko_slacklines,,,,,,,
73,Easy Slackline,France,,46.603354,1.8883335,,,yes,yes,http://www.easy-slackline.fr,https://www.facebook.com/EasySlackline.CO,,4,,,,,0,,,image_files/manufacturers/easy_slackline.jpg,Thomas Buckingham,2020-09-22T09:04:29Z,,https://slackdb.com/manufacturer_details/easy_slackline,,,,,,,
74,Acrobat Slackline,Israel,,31.5313113,34.8667654,,,yes,yes,https://www.acrobatslackline.com,https://www.facebook.com/acrobatslackline,,2,,1,,,0,,,image_files/manufacturers/acrobat_slackline.jpg,Nir Avneyon,2021-03-30T20:57:18Z,,https://slackdb.com/manufacturer_details/acrobat_slackline,,,,,,,
75,BLOACS,Germany,Zülpicher Str. 381 50935 Köln,50.843152,7.106556,,2016,yes,yes,https://bloacs.de/,https://m.facebook.com/BLOACS/,Permanently installed & usable Slackline-Systems for Public areas,,,,,,0,,,,Bernd Lohmueller,2021-05-05T19:25:12Z,2021-05-27T07:08:53Z,https://slackdb.com/manufacturer_details/bloacs,,,,,,,
76,Bera Adventure,Brazil,"Rua Petrobrás, 278 São Paulo/SP",-23.557066,-46.650021,,2013,yes,yes,https://beraadventure.com.br/,https://m.facebook.com/BeraAdventure/,,2,1,,,,0,,,,Francisco Vanzuita,2021-05-06T11:50:53Z,,https://slackdb.com/manufacturer_details/bera_adventure,,,,,,,
