subject,subject id,subject name,gear type,manufacturer,reviewer,date,overall (/10),Value for money (/10),Quality (/10),Versatility (/10),Ease of use (/10),Softness (/10),pros,cons,text,Pre-tension (/10),Ordering process (/10),Shipping (/10),Products quality (/10),Customer service (/10)
gear,6,Element,webbings,Equilibrium Slacklines (EQB),Eli Szendro Brown,2017-07-15,10,10,10,10,10,10,"Packble; Very stretchy, great to bounce on",,,,,,,
gear,12,Slim Green,webbings,Equilibrium Slacklines (EQB),Eli Szendro Brown,2017-07-15,9,10,8,10,10,6,Not to stretchy not to static; Light and compact.,,"Great as rodeo, soft release and small lines. super fun to surf.",,,,,
gear,45,SuperFL Maverick V2,webbings,Slack.fr,Ilia Oshmiansky,2017-07-10,8,8,8,6,10,8,Cheap; Soft; Comfortable and easy to walk,Lacks character; All white - it's hard to say which way is up and detect twists when rigging; Feels like a regular strap for towing cars,,,,,,
gear,61,Core 1,webbings,Landcruising,Philipp Gesing,2017-08-02,8,10,10,6,6,8,Durable; Heavy,,"Only available as used, but the quality and longevity is so good, that it's worth getting anyways. One of the best longline webbings so far. Very low stretch, very low fuss. Meditative walking experience with decent weight and edges.",,,,,
gear,62,Core 2 HS,webbings,Landcruising,Eli Szendro Brown,2017-07-15,8,10,10,8,4,8,Nice to walk on,,,,,,,
gear,63,Core 2 LS,webbings,Landcruising,Benoit Crera,2018-04-03,9,6,10,8,10,10,,,Bonne sangle,,,,,
gear,66,Sonic 2.0,webbings,Aki Slacklines,Gat Haneman,2017-07-10,9,10,10,6,8,10,"Nice and soft - ideal for waterline; Very stretchy, great to bounce on",,,,,,,
gear,66,Sonic 2.0,webbings,Aki Slacklines,Eli Szendro Brown,2017-07-15,10,10,10,10,10,10,"Very stretchy, great to bounce on; Nice and soft - ideal for waterline",,"Great webbing, soft, stretchy, and visually pleasing.",,,,,
gear,71,White Magic,webbings,Aki Slacklines,Raz Rimon,2017-07-17,7,8,8,4,10,6,"Very easy to tension; Doesn't take a lot of room; Fairly visible; Great grip, doesn't slip at all",Not very versatile; Edges become sharp under high tension,"I like the fact that you can tension it really easily, before I bought a pulley system I managed to use a primitive system to tension a 60m line with about 3m of sag with no problems what so ever. 
I think its not very versatile because of it's low stretch, even when you tension it a lot it doesn't feel very stretchy and playable.
Overall this line is great, I've had it for about a year and a half, and it's been used for around 3 years, used it for highline several times and it work out great.",,,,,
gear,88,RedTUBE,webbings,Slacktivity,Eli Szendro Brown,2017-07-15,10,10,10,8,10,10,,,"A bit expansive but worth every penny. Amazing bounce, super soft on the feet and the hands. This is one of my favorite webbings so far.. the only disadvantages are that it is a bit hard to rig as a longline due to its stretch and a little heavy in the backpack. comes with a very convenient sewn loop on one side, making rigging easier.",,,,,
gear,100,Aero 2,webbings,Balance Community: Slackline Outfitters,Philipp Gesing,2017-08-02,9,6,10,10,10,10,,,"If you can only have one webbing, it NEEDS to be Aero 2. It is easily the best all-around webbing for lines up to 60m. For very long lines I'd go for Mantra on the ground or Unicorn in the air.",,,,,
gear,102,Sugoi,webbings,Slackline Industries,Grant Mercer,2017-08-02,7,8,8,6,10,4,"Light; Markers every 10 feet; Low stretch, perfect park line; Durable",Sharp (wouldn't highline on mine),,,,,,
gear,110,Zen,webbings,Middle Way Slacklines,Gat Haneman,2017-07-10,9,8,10,6,10,10,Comfortable and easy to walk; Very soft,,,,,,,
gear,110,Zen,webbings,Middle Way Slacklines,Eli Szendro Brown,2017-07-16,10,10,10,8,10,10,Very easy to tension; Soft; Packble,Static at short - medium lengths.,,,,,,
gear,119,Cosmic,webbings,Slack Inov,Philipp Gesing,2017-08-02,9,8,8,10,10,8,Versatile; Lightweight; Compact,,"Best polyester tube. Edges are better than most webbings, stretch is decent and it's very easy to walk. Great waterline and also good choice for medium long highlines. Would recommend 30 m or more. It packs very easily and is surprisingly robust for a tube. If you want a slackline that is different from the ones everyone else has, this is the choice for you!",,,,,
gear,128,Spectre,webbings,Slack Mountain,Johanna Glasse,2018-03-31,10,10,10,10,10,10,,,Best for highline polyamide,,,,,
gear,129,McFly,webbings,Slack.fr,Ilia Oshmiansky,2017-07-10,9,10,10,8,10,8,Nice stretch and bounce; Feels very duable,Very thick; Hard to say which way is up and detect twists when rigging,,,,,,
gear,129,McFly,webbings,Slack.fr,Eli Szendro Brown,2017-07-16,6,6,10,4,8,4,"Very stretchy, great to bounce on; Abrasion resistant; Packble",Very rough on your skin (can be frustrating on highlines and waterlines); Tough to detect twists; Takes time to tension,"Amazing in terms of dynamics, but with rough texture (annoying for water/high lines).",,,,,
gear,132,Reggae,webbings,Slack.fr,Grant Mercer,2017-08-02,9,10,8,10,6,10,"Amazingly soft; Fun to walk, bouncy; Great price","No protective coating, won't last as long; Difficult to rig in parks due to stretch",,,,,,
gear,132,Reggae,webbings,Slack.fr,Benoit Crera,2018-04-07,6,4,8,6,6,8,,,Surement une des meilleurs tub mais trop cher,,,,,
gear,513,Zilla 3.0,weblocks,Landcruising,Moshe Klasovsky,2017-07-16,8,10,10,6,4,,18 kn WLL feels Bomber,When carrying the Weblock you reallize that 1/2 Kg is really heavy,"I like it because it gives me peace of mind, might be the strongest weblock in the world. i had one of them paint scrape off by a red pin  shackle, make sure you use a suitable sized shackle.",10,,,,
gear,515,Lynx 4.0 SH,weblocks,Landcruising,Ilia Oshmiansky,2017-07-10,10,10,10,8,10,,Easy to pre tension; Light; Nice pin lock,Can't rig without a shackle (like alpine weblock for example),Overall very happy with this one,10,,,,
gear,515,Lynx 4.0 SH,weblocks,Landcruising,Gat Haneman,2017-07-10,10,10,10,8,10,,Very comfortable to use; Very light,,Great weblock,10,,,,
gear,515,Lynx 4.0 SH,weblocks,Landcruising,Eli Szendro Brown,2017-07-15,10,10,10,8,10,,Light; No slippage,Not suitable for soft shackles; Can't rig without a shackle (like alpine weblock for example),Great weblock :) I have 2 and love them,10,,,,
gear,515,Lynx 4.0 SH,weblocks,Landcruising,Radwin Bodnic,2017-08-03,8,10,10,8,8,,Light and compact.; Finish; Quality,Pretension,"One of my favourite piece of gear.
It sucks at pretensionning but won't slip too much on highlines.",6,,,,
gear,515,Lynx 4.0 SH,weblocks,Landcruising,Benoit Crera,2018-04-03,8,4,10,8,6,,,,Bien mais cher,10,,,,
gear,516,Lynx 4.0 Vari,weblocks,Landcruising,Ilia Oshmiansky,2017-07-10,10,10,8,10,10,,Light; Fits any soft release perfectly; Comfortable to use,,,10,,,,
gear,516,Lynx 4.0 Vari,weblocks,Landcruising,Radwin Bodnic,2017-08-03,8,8,10,8,8,,Finish; Quality; Light,Pretension,It does not pretension well. But it doesn't slip on highlines. I love how it fits into RE's p21d with a centering tube.,6,,,,
gear,533,Alpine WebLock 4.0,weblocks,Balance Community: Slackline Outfitters,Eli Szendro Brown,2017-07-15,10,10,10,10,10,,"Easy to pre tension; Big connector hole, allows many ocnfigurations; Can be used without a shackle",A bit heavy; Price,Favorite one in my collection.,10,,,,
gear,542,Frog,weblocks,Slack Mountain,Johanna Glasse,2018-03-31,10,10,10,10,10,,,,Top,10,,,,
gear,544,BANANA! 2.0,weblocks,Slack house,Eli Szendro Brown,2017-07-15,9,10,10,8,8,,Cheap; Keep it simple (and it works),Not quickpin,,10,,,,
gear,544,BANANA! 2.0,weblocks,Slack house,Eli Szendro Brown,2017-07-15,9,10,10,8,8,,Cheap; Keep it simple (and it works),Not quickpin,,10,,,,
gear,546,SeaHorse DP 1.5,weblocks,Slacktivity,Eli Szendro Brown,2017-07-15,9,8,10,8,10,,Easy to pre tension; Nice options with the center hole; Double pin for soft release,Slippage; Heavy,I have one and love it.. but. needs to have an eye kept on it due to slippage. would recommend for longline and situations where it can be easily and frequently maintained and adjusted.,10,,,,
gear,551,Catlock classic,weblocks,Cat on slack,Raz Rimon,2017-07-17,7,10,6,6,6,,Very cheap,Not for highline; The metal curving differentiates from one lock to another,Good for long lines and all kinds of lines in the park.,8,,,,
gear,803,Leashring V2.0,leash_rings,Slack.fr,Ilia Oshmiansky,2017-07-10,8,6,6,10,10,,"Big, easily passes through the webbing; Can fit most weblocks",Heavy; You dont want these hitting your face :); Overkill for highine leash rings,,,,,,
gear,1106,Hangover 2.0,line_sliders,Slacktivity,Ilia Oshmiansky,2017-07-10,10,10,10,10,10,,Easy to use; Fast; Can be used for tensioning combined with a line-grip,,,,,,,
gear,1301,GRIGRI 2,rope_brakes,Petzl,Benoit Crera,2018-04-07,5,2,2,6,10,,,,Le mien a cassé en slack sur 60 m,,,,,
gear,1305,Micro Traxion,rope_brakes,Petzl,Eli Szendro Brown,2017-07-15,9,10,10,10,6,,,,"I use it with 6mm rope and a linegrip. I love how small and efficient it is, but when rigging high (parklines) I find it hard to release. Can be useful to pull thick taglines across. I would not recommend using it W/O softpointing due to the tooth cam.",,,,,
gear,1316,Eddy,rope_brakes,Edelrid,Eli Szendro Brown,2017-07-15,10,8,10,10,10,,,,"I have been using it with 5:1 SMCs and love it. it is a bit hard to embed due to the wide profile. easy to release under tension, great handle with a lot of control. I dislike the panic mechanism of the handle, where if it is pulled over a threshold it stops releasing. I experienced no slippage with it at all. in order to use at low tensions, it needs to be engaged with a slight tug of the rope.",,,,,
gear,3012,Slackibloc 4,weblocks,Slack Inov,Radwin Bodnic,2017-08-03,9,10,8,8,8,,Compact; Very light; Cheap; Easy to pre tension; Finish,Light anodisation,"The lightest traditional weblock on earth.
Wide variety of compatible connectors.
Very good finish.
Low design quickpin.",10,,,,
gear,3012,Slackibloc 4,weblocks,Slack Inov,Benoit Crera,2018-04-03,4,4,6,2,4,,,,Toutes les sangles glissent dedans mais si cela est plus cher le lynx est beaucoup mieux,6,,,,
gear,3048,Project 44,webbings,Slack Mountain,Johanna Glasse,2018-03-31,10,10,10,10,10,10,,,Top,,,,,
manufacturer,1,Gibbon,,Gibbon,Gaston Armand,2017-08-07,10,,,,,,,,"Great brand, been using their Surf Line for a while now, so much fun!",,10,10,10,10
manufacturer,2,Landcruising,,Landcruising,Moshe Klasovsky,2017-07-16,10,,,,,,,,"I have ordered from Landcruzing 3 times, all orders had no problems, they have great products, Shipment is fast, I have ordered and changed my order after a few hours and have got my money back for what i cancelled with no problems, got a cool calender and stickers with my order. all in all 5/5",,10,10,10,10
manufacturer,2,Landcruising,,Landcruising,Andrés Rojas,2018-02-08,10,,,,,,,,"Blown away with their customer support. Excellent products as well for very reasonable price. Shipping to my country can be tricky and expensive depending on package weight, but Landcruising were more than willing to help me make it all work out.",,10,10,10,10
manufacturer,3,Balance Community: Slackline Outfitters,,Balance Community: Slackline Outfitters,Andrés Rojas,2018-02-08,10,,,,,,,,"Excelent products, outstanding customer support. First purchase I made was over 3 years ago. They have only improved what was already a really good company.",,10,10,10,10
manufacturer,12,Slack.fr,,Slack.fr,Gaston Armand,2017-08-07,10,,,,,,,,"Shipped to Australia, postage got delayed, they sent free gear to say sorry, been using their longline pulley kit for a number of years without fail! AWESOME!",,10,10,10,10
manufacturer,19,Pure Slacklines,,Pure Slacklines,Gaston Armand,2017-08-07,10,,,,,,,,"Great quality primitive gear, worth the price, for beginners to professionals.",,10,10,10,10
