id,name,manufacturer,Material,Weight (grams),WLL (kN),MBS (kN),Material Diameter (mm),Inner Diameter (mm),Outer Diameter (mm),Date introduced,Production Status,URL,ISA approved,Price (per unit),Flags,remarks,rating (/10),ratings,reviews,comments,images,image ids,cover image,contributors,created,last edited,slackdb url
800,Ana,Kong,Aluminum,60,,25,,46,,,Active,http://www.kong.it/en/2-products/items/f17-anchorage/p160-ana,,8.5; 7.5 (×2) EUR,,,,,0,0,1,155,image_files/gear/155.jpg,Nir Avneyon; Helmut Netzwerker,2017-07-12T21:51:06Z,2017-08-08T13:08:52Z,https://slackdb.com/gear_details/KongAna
801,HighlineRing Green,Slacktivity,Aluminum,48,5,20,10,60,80,,Discontinued,,yes,10.95; 9.95 (≥2) EUR,,,,,0,0,2,30; 36,image_files/gear/30.jpg,Nir Avneyon; Thomas Buckingham,2017-07-12T21:51:06Z,2020-10-18T19:17:31Z,https://slackdb.com/gear_details/HighlineRingGreen
802,Steel Ring,Slackline tools,Stainless Steel,,,30,10,57,,,Active,http://www.slack-shop.de/stahl-ring.html,,9.95 EUR,,,,,0,0,1,163,image_files/gear/163.jpg,Nir Avneyon,2017-07-12T21:51:06Z,2017-07-02T06:40:58Z,https://slackdb.com/gear_details/SteelRing
803,Leashring V2.0,Slack.fr,Stainless Steel,157,24,46,,75,,,Active,https://laboutique.slack.fr/en/hardware/162-steel-leash-ring-pair.html,,10 EUR,,,8,1,1,0,1,158,image_files/gear/158.jpg,Nir Avneyon; Ilia Oshmiansky,2017-07-12T21:51:06Z,2018-11-13T21:02:32Z,https://slackdb.com/gear_details/LeashringV20
805,Arbo Steel Ring L,Climbing Technology (CT),Stainless Steel,161,,30,12,46,70,,Active,https://spider-slacklines.com/shop/en/rings/202-anello-forgiato-alluminio-ct-46-mm.html,,8.95 EUR,,,,,0,0,2,29; 36,image_files/gear/29.jpg,Nir Avneyon,2017-07-12T21:51:06Z,2018-11-13T20:51:35Z,https://slackdb.com/gear_details/ForgedSteelRing
805,Arbo Steel Ring L,Climbing Technology (CT),Stainless Steel,161,,30,12,46,70,,Active,https://spider-slacklines.com/shop/en/rings/202-anello-forgiato-alluminio-ct-46-mm.html,,8.95 EUR,,,,,0,0,2,29; 36,image_files/gear/29.jpg,Nir Avneyon,2017-07-12T21:51:06Z,2018-11-13T20:51:35Z,https://slackdb.com/gear_details/ForgedSteelRing
806,Bomber Ring,Landcruising,Stainless Steel,250,,150,13,76,102,,Discontinued,,,10.5 EUR,,,,,0,0,2,32; 36,image_files/gear/32.jpg,Nir Avneyon,2017-07-12T21:51:06Z,2018-09-10T15:31:10Z,https://slackdb.com/gear_details/BomberRing
807,Arbo Ring L,Climbing Technology (CT),Aluminum,57,,25,13,46,72,,Active,https://spider-slacklines.com/shop/en/rings/127-322-anello-forgiato-alluminio-ct-46-mm.html,,13.95 EUR,,,,,0,0,2,31; 36,image_files/gear/31.jpg,Nir Avneyon,2017-07-12T21:51:06Z,2018-11-13T20:54:39Z,https://slackdb.com/gear_details/ForgedAluminiumRing
808,Steel Ring 200kN,Dakas,Stainless Steel,312,,200,14,76,104,,Discontinued,,,,,,,,0,0,0,,,Nir Avneyon,2017-07-12T21:51:06Z,2020-04-18T20:30:32Z,https://slackdb.com/gear_details/SteelRing200kN
809,Steel Ring 150kN,Dakas,Stainless Steel,250,,150,12,76,100,,Discontinued,,,,,,,,0,0,0,,,Nir Avneyon,2017-07-12T21:51:06Z,2020-04-18T22:33:22Z,https://slackdb.com/gear_details/SteelRing150kN
810,Bomber Steel Ring,Balance Community: Slackline Outfitters,Stainless Steel,266,,44.4,12.7,76.2,101.6,,Active,http://www.balancecommunity.com/bomber-steel-ring,,15.95 USD,,,,,0,0,1,154,image_files/gear/154.jpg,Nir Avneyon,2017-07-12T21:51:06Z,2017-07-02T06:27:24Z,https://slackdb.com/gear_details/BomberSteelRing
811,Large Steel Ring,Balance Community: Slackline Outfitters,Stainless Steel,155,,22.2,,79,,,Discontinued,,,,,,,,0,0,0,,,Nir Avneyon,2017-07-12T21:51:06Z,2018-11-13T20:56:48Z,https://slackdb.com/gear_details/LargeSteelRing
812,Medium Steel Ring,Balance Community: Slackline Outfitters,Stainless Steel,120,,22.2,,59,,,Active,http://www.balancecommunity.com/medium-steel-ring,,7.95 USD,,,,,0,0,1,159,image_files/gear/159.jpg,Nir Avneyon,2017-07-12T21:51:06Z,2017-07-02T06:37:39Z,https://slackdb.com/gear_details/MediumSteelRing
813,RING77,Slack house,Stainless Steel,130,,40,10,57,77,,Active,http://slackhouseshop.pl/produkt/ring77/,,28 PLN,,,,,0,0,1,78,image_files/gear/78.jpg,Nir Avneyon,2017-07-12T21:51:06Z,2018-11-13T21:04:19Z,https://slackdb.com/gear_details/RING77
814,Access,Camp,Aluminum,59,,30,12,45,69,,Active,https://www.rocknrescue.com/product/camp-safety-access-ring,,7.95 USD,,,,,0,0,1,153,image_files/gear/153.jpg,Nir Avneyon,2017-07-12T21:51:06Z,2017-07-02T06:26:18Z,https://slackdb.com/gear_details/Access
816,Slackisûr,Slack Inov,Stainless Steel,400,,60,,,,,Active,https://slack-inov.com/shop/en/leashes/315-slackisur-highline-ring.html,,28 EUR,Removeable leash,,,,0,0,1,161,image_files/gear/161.jpg,Nir Avneyon; Helmut Netzwerker,2017-07-12T21:51:06Z,2021-01-19T12:27:28Z,https://slackdb.com/gear_details/Slackisr
817,ZERO Silver,ZERGE outdoor,Stainless Steel,144,,,,40,,,Discontinued,http://zergeoutdoor.com/product/zero-silver-stainless-ring/,,69 EUR,Integrated leash rail,,,,0,0,1,165,image_files/gear/165.jpg,Nir Avneyon,2017-07-12T21:51:06Z,2018-11-13T21:06:26Z,https://slackdb.com/gear_details/ZEROSilver
818,ZERO Black,ZERGE outdoor,Aluminum,77,,,,40,,,Discontinued,http://zergeoutdoor.com/product/zero-black-ultralight-ring/,,79 EUR,Integrated leash rail,,,,0,0,0,,,Nir Avneyon,2017-07-12T21:51:06Z,2017-07-02T06:59:48Z,https://slackdb.com/gear_details/ZEROBlack
819,O-RING,Fusion Climb,Aluminum,50,2,32,12,45,69,,Discontinued,,,5.75 USD,,,,,0,0,1,160,image_files/gear/160.jpg,Nir Avneyon,2017-07-12T21:51:06Z,2020-04-18T21:18:56Z,https://slackdb.com/gear_details/ORING
820,Stainless Steel Leash Ring,Equilibrium Slacklines (EQB),Stainless Steel,120,5,15,10,50,70,,Discontinued,,,150 CZK,,,,,0,0,1,162,image_files/gear/162.jpg,Nir Avneyon,2017-07-12T21:51:06Z,2018-11-13T21:05:06Z,https://slackdb.com/gear_details/StainlessSteelLeashRing
821,Leash Ring,Equilibrium Slacklines (EQB),Aluminum,51,,35,10,60,80,,Active,https://www.slackshop.cz/en/42-rings,,207 (×1); 372 (≥2) CZK,,,,,0,0,1,157,image_files/gear/157.jpg,Nir Avneyon; Robi Wan,2017-07-12T21:51:06Z,2018-11-13T21:26:01Z,https://slackdb.com/gear_details/LeashRing
821,Leash Ring,Equilibrium Slacklines (EQB),Aluminum,51,,35,10,60,80,,Active,https://www.slackshop.cz/en/42-rings,,207 (×1); 372 (≥2) CZK,,,,,0,0,1,157,image_files/gear/157.jpg,Nir Avneyon; Robi Wan,2017-07-12T21:51:06Z,2018-11-13T21:26:01Z,https://slackdb.com/gear_details/LeashRing
822,ZERO Gold,ZERGE outdoor,Aluminum,77,,,,40,,,Active,http://zergeoutdoor.com/product/zero-gold-ultralight-ring/,,75.05 EUR,Integrated leash rail,,,,0,0,1,164,image_files/gear/164.jpg,Nir Avneyon,2017-07-12T21:51:06Z,2018-11-13T21:05:49Z,https://slackdb.com/gear_details/ZEROGold
3028,Petram Aluminium ring,Petram Slacklines,Aluminum,52,4,20,10,60,80,2017-09-19,Active,https://petramslacklines.site123.me/shop-1/aluminium-ring,,12.9 EUR,,,,,0,0,2,178; 184,image_files/gear/184.jpg,Kuba Bałdych; Nir Avneyon,2017-09-20T20:50:53Z,2020-04-18T21:04:53Z,https://slackdb.com/gear_details/petram_aluminiumring
3061,Leash Protector,Souz Slackline,Aluminum,55,,20,,57,,2018-08-05,Active,https://souzslackline.com/product/leasring/?currency=USD,,12 USD,,,,,0,0,2,299; 300,image_files/gear/300.jpg,Nir Avneyon,2018-09-27T05:51:33Z,2018-11-13T20:59:46Z,https://slackdb.com/gear_details/leash_protector
3067,60mm Aluminium Ring,Spider slacklines,Aluminum,48,,35,10,60,80,,Active,https://spider-slacklines.com/shop/en/rings/163-anello-alluminio-forgiato-highline.html,,10.95 (×1); 8.95 (≥2) EUR,,,,,0,0,0,,,Nir Avneyon,2018-11-13T21:12:11Z,,https://slackdb.com/gear_details/60mm_aluminiumring
3111,HighlineRing,Slacktivity,Aluminum,51,6,39,10,60,80,,Active,https://www.slacktivity.com/highlinering,yes,16.95 EUR,,,,,0,0,0,,,Nir Avneyon,2020-04-18T19:46:10Z,2020-10-09T18:21:53Z,https://slackdb.com/gear_details/highlinering
3125,BC Aluminum Leash Ring,Balance Community: Slackline Outfitters,,50,6,24,10.4,60,80.8,2020-08-10,Active,https://www.balancecommunity.com/products/bc-aluminum-leash-ring,,12.45 (×2) USD,,,,,0,0,0,,,Nir Avneyon,2020-08-12T20:37:26Z,,https://slackdb.com/gear_details/bc_aluminumleashring
3132,Vortex,Slack Inov,,100,,,,60,,,Active,https://slack-inov.com/shop/en/leashes/314-vortex-highline-ring.html,,44.95 (×1) EUR,,,,,0,0,1,716,image_files/gear/716.jpg,Thomas Buckingham,2021-01-17T19:00:24Z,,https://slackdb.com/gear_details/vortex
3205,Halo,Raed Slacklines,Titanium,58,,88,,72,,2021-05-10,Active,https://raed-slacklines.com/halo-titanium-highline-leash-ring,yes,74.95 EUR,,,,,0,0,1,736,image_files/gear/736.jpg,Nir Avneyon,2021-05-26T10:55:45Z,,https://slackdb.com/gear_details/halo
3250,Space Age Slacklines SATURN ring,,Aluminum,85,,,,76,,,Discontinued,,,,,,,,0,0,0,,,Owen Roll,2021-08-11T17:27:40Z,2021-08-11T17:28:44Z,https://slackdb.com/gear_details/saturn
