id,name,manufacturer,Material,Weight (grams),WLL (kN),MBS (kN),Compatible webbing width (mm),Slider type,Inner width (mm),Outer bearing diameter (mm),Date introduced,Production Status,URL,Price (per unit),Flags,psaCert,remarks,rating (/10),ratings,reviews,comments,images,image ids,cover image,contributors,created,last edited,slackdb url
1100,HighSlide 2.0,Landcruising,Aluminum,110,4,23,25–26,Moving plates,28,22,,Discontinued,,25 EUR,,no,,,,0,0,1,787,image_files/gear/787.jpg,Nir Avneyon,2017-07-12T21:51:06Z,2018-09-10T15:31:36Z,https://slackdb.com/gear_details/HighSlide20
1101,AIDMAN,Equilibrium Slacklines (EQB),,139,2,12,25–26,Moving plates,28,,,Discontinued,http://www.slackshop.cz/en/rigging-equipment/81-kladka-aidman.html,,,no,,,,0,0,1,426,image_files/gear/426.jpg,Nir Avneyon,2017-07-12T21:51:06Z,2017-07-02T06:43:13Z,https://slackdb.com/gear_details/AIDMAN
1102,Rock'n'Roll,Equilibrium Slacklines (EQB),Aluminum; Stainless Steel,210,2,,25–26,Moving plates,26,,,Discontinued,,1290 CZK,,no,,,,0,0,0,,,Nir Avneyon,2017-07-12T21:51:06Z,2018-11-13T21:31:08Z,https://slackdb.com/gear_details/RocknRoll
1103,Webbling Pulley,Slack Inov,Nylon (Polyamide); Aluminum,67,,15,25–26,Moving plates,,,,Discontinued,,30 EUR,Integrated brake,no,,,,0,0,1,792,image_files/gear/792.jpg,Nir Avneyon,2017-07-12T21:51:06Z,2020-04-18T22:47:59Z,https://slackdb.com/gear_details/SlackInovSlackPulley
1104,Pulley,Slack Mountain,Stainless Steel,135,5,25,18–28,Moving plates,27,24,,Active,http://slack-mountain.com/en/pulley-and-tension/61-poulie-de-sangle-slack-mountain.html,22 EUR,,no,,,,0,0,2,130; 229,image_files/gear/229.jpg,Nir Avneyon; Romain Schempf,2017-07-12T21:51:06Z,2017-11-13T13:40:26Z,https://slackdb.com/gear_details/SlackMountainpulley
1105,LineBuggy,SlackGear,Stainless Steel,140,3,25,25–26,Moving plates,29,,,Active,http://www.slackgear.co.za/product/linebuggy/,310 ZAR,,no,,,,0,0,1,578,image_files/gear/578.jpg,Nir Avneyon,2017-07-12T21:51:06Z,2018-11-13T21:28:22Z,https://slackdb.com/gear_details/LineBuggy
1106,Hangover 2.0,Slacktivity,Aluminum; Steel,152,4,24,25–26,Carabiner,27.8,,,Active,https://www.slacktivity.com/default/longline-highline/hangover,44.95 EUR,,yes,,10,1,1,0,1,580,image_files/gear/580.jpg,Nir Avneyon; Ilia Oshmiansky,2017-07-12T21:51:06Z,2018-11-13T21:27:16Z,https://slackdb.com/gear_details/Hangover20
1107,HangOver-S,Slacktivity,Aluminum; Steel,157,4,24,25–26,Locking Carabiner,27.8,,,Active,https://www.slacktivity.com/hangover-s,54.95 EUR,,yes,,,,0,0,1,581,image_files/gear/581.jpg,Nir Avneyon,2017-07-12T21:51:06Z,2020-04-18T18:59:35Z,https://slackdb.com/gear_details/HangOverS
1108,SKIP,ZERGE outdoor,Stainless Steel,165,5,30,25–26,Moving plates,26,24,,Active,http://zergeoutdoor.com/product/skip-the-high-efficiency-webbing-pulley/,49 EUR,,no,,,,0,0,1,788,image_files/gear/788.jpg,Nir Avneyon,2017-07-12T21:51:06Z,2017-07-02T06:51:28Z,https://slackdb.com/gear_details/SKIP
1109,SKIP UL,ZERGE outdoor,Stainless Steel,108,3,18,25–26,Moving plates,28,19,,Active,http://zergeoutdoor.com/product/skip-ul-the-ultralight-stainless-steel-webbing-pulley/,37.05 EUR,,no,,,,0,0,1,789,image_files/gear/789.jpg,Nir Avneyon,2017-07-12T21:51:06Z,2018-11-13T21:31:46Z,https://slackdb.com/gear_details/SKIPUL
1110,Motum webbing pulley,Petram Slacklines,Stainless Steel,85,2,14,25–32,Moving plates,33,25,,Active,https://petramslacklines.site123.me/shop-1/motum-pulley,19.9 EUR,,no,,,,0,0,2,74; 75,image_files/gear/75.jpg,Nir Avneyon; Kuba Bałdych,2017-07-12T21:51:06Z,2020-04-19T09:58:32Z,https://slackdb.com/gear_details/Motumwebbingpulley
3051,HangOver stainless,Slacktivity,Aluminum; Stainless Steel,152,4,22,25–26,Carabiner,27.8,19,2017-10-03,Active,https://www.slacktivity.com/hangover-stainless,59.95 EUR,,,,,,0,0,1,579,image_files/gear/579.jpg,Nir Avneyon,2018-02-26T12:38:57Z,2020-04-18T18:50:21Z,https://slackdb.com/gear_details/hangover_stainless
3082,ROLLEX,Equilibrium Slacklines (EQB),Aluminum,129,4,22,,Carabiner,,,2019-04-13,Active,https://www.slackshop.cz/en/rollex/157-379-rollex.html,49.95 EUR,,,,,,0,0,2,335; 402,image_files/gear/335.jpg,Nir Avneyon,2019-07-14T22:14:14Z,2020-04-19T10:21:48Z,https://slackdb.com/gear_details/rollex
