id,name,manufacturer,Material,Weight (grams),WLL (kN),MBS (kN),Compatible rope diameter (mm),Breaking method,Break efficiency (%),Production Status,URL,Price (per unit),remarks,rating (/10),ratings,reviews,comments,images,image ids,cover image,contributors,created,last edited,slackdb url
1301,GRIGRI 2,Petzl,Stainless Steel; Aluminum; Nylon (Polyamide),170,,,8.9–11,Camming,45,Active,http://www.petzl.com/en/Sport/Belay-devices--descenders/GRIGRI-2?l=INT,,,5,1,1,0,0,,,Nir Avneyon; Benoit Crera,2017-07-12T21:51:06Z,,https://slackdb.com/gear_details/GRIGRI2
1302,I’D S,Petzl,Aluminum,530,,14,10–11.5,Camming,,Active,http://www.petzl.com/en/Professional/Descenders/I-D-S?l=INT#.Vjz4VX4wiUk,,,,,0,0,2,167; 168,image_files/gear/168.jpg,Nir Avneyon,2017-07-12T21:51:06Z,,https://slackdb.com/gear_details/IDS
1303,I’D L,Petzl,Aluminum,530,,22,11.5–13,Camming,,Active,http://www.petzl.com/en/Professional/Descenders/I-D-L?l=INT#.Vjz4g34wiUk,,,,,0,0,0,,,Nir Avneyon,2017-07-12T21:51:06Z,,https://slackdb.com/gear_details/IDL
1304,RIG,Petzl,Aluminum,380,,14,10.5–11.5,Camming,,Active,http://www.petzl.com/en/Professional/Descenders/RIG?l=INT,,,,,0,0,0,,,Nir Avneyon,2017-07-12T21:51:06Z,,https://slackdb.com/gear_details/RIG
1305,Micro Traxion,Petzl,Aluminum,85,2.5,4,8–11,Toothed cam,91,Active,http://www.petzl.com/en/Sport/Pulleys/MICRO-TRAXION?l=INT#.Vjz3434wiUk,,Very efficient but almost impossible to detension - requires soft release system,9,1,1,0,1,60,image_files/gear/60.jpg,Nir Avneyon; Eli Szendro Brown,2017-07-12T21:51:06Z,,https://slackdb.com/gear_details/MicroTraxion
1306,Mini Traxion,Petzl,Aluminum,165,,20,8–13,Toothed cam,,Active,http://www.petzl.com/en/Sport/Pulleys/MICRO-TRAXION?l=INT#.Vjz3wX4wiUk,,Very efficient but almost impossible to detension - requires soft release system,,,0,0,0,,,Nir Avneyon,2017-07-12T21:51:06Z,,https://slackdb.com/gear_details/MiniTraxion
1307,Pro Traxion,Petzl,Aluminum,265,2.5,4,8–13,Toothed cam,95,Active,http://www.petzl.com/en/Sport/Pulleys/PRO-TRAXION?l=INT#.Vjz3jn4wiUk,,Very efficient but almost impossible to detension - requires soft release system,,,0,0,0,,,Nir Avneyon,2017-07-12T21:51:06Z,,https://slackdb.com/gear_details/ProTraxion
1308,JAG Traxion,Petzl,Aluminum,145,1.6,4,8–11,Toothed cam,91,Active,http://www.petzl.com/en/Professional/Pulleys/JAG-TRAXION?l=INT#.VjxrsN_tlBc,,Very efficient but almost impossible to detension - requires soft release system,,,0,0,0,,,Nir Avneyon,2017-07-12T21:51:06Z,,https://slackdb.com/gear_details/JAGTraxion
1309,Sparrow,Climbing Technology (CT),,520,,,10.5–11,Camming,,Active,http://www.climbingtechnology.com/en/professional-work/descenders/sparrow,,,,,0,0,0,,,Nir Avneyon,2017-07-12T21:51:06Z,,https://slackdb.com/gear_details/Sparrow
1310,Sparrow 200,Climbing Technology (CT),,529,2.1,,11–11,Camming,,Active,http://www.climbingtechnology.com/en/professional-work/descenders/sparrow-200,,,,,0,0,0,,,Nir Avneyon,2017-07-12T21:51:06Z,,https://slackdb.com/gear_details/Sparrow200
1311,D2,ISC,Aluminum,292,1.4,13.5,7–8,Camming,,Active,http://www.iscwales.com/Blog/D2-Escape-Descender/,,,,,0,0,0,,,Nir Avneyon,2017-07-12T21:51:06Z,,https://slackdb.com/gear_details/D2
1312,D4,ISC,Aluminum,655,2.4,,10.5–11.5,Camming,,Active,http://www.iscwales.com/Blog/NEW-D4-WorkRescue-Descender-an-evolutionary-development-in-the-world-of-descenders/,,,,,0,0,0,,,Nir Avneyon,2017-07-12T21:51:06Z,,https://slackdb.com/gear_details/D4
1313,Matik,Camp,Aluminum; Steel,267,5,22,8.6–10.2,Camming,,Active,http://www.camp-usa.com/products/rope-tools/matik/,,,,,0,0,0,,,Nir Avneyon; Romain Schempf,2017-07-12T21:51:06Z,2017-08-04T09:58:35Z,https://slackdb.com/gear_details/Matik
1314,MPD,CMC Rescue,Aluminum,1100,8.8,44,11–11,Camming,,Active,http://www.cmcrescue.com/equipment/mpd/,,,,,0,0,0,,,Nir Avneyon; Helmut Netzwerker,2017-07-12T21:51:06Z,2017-08-06T18:48:35Z,https://slackdb.com/gear_details/MPD
1315,Soft brake,Episwiss Rigging,Dyneema; Kevlar,,,,,Choking,,Discontinued,,,,,,0,0,0,,,Nir Avneyon,2017-07-12T21:51:06Z,2020-04-18T18:59:08Z,https://slackdb.com/gear_details/Softbrake
1316,Eddy,Edelrid,Steel; Aluminum,360,2.8,14,9–11,Camming,,Active,http://www.edelrid.de/en/sports/eddy-night.html,,Also sold by Singing Rock as Lory and by Anthron as SIR,10,1,1,0,2,170; 171,image_files/gear/171.jpg,Nir Avneyon; Eli Szendro Brown,2017-07-12T21:51:06Z,,https://slackdb.com/gear_details/Eddy
1317,Roll'n'Lock,Climbing Technology (CT),Steel; Aluminum,80,2.5,10,8–14,Ridged Cam,,Active,http://www.climbingtechnology.com/en/professional-work/pulleys-and-rope-clamps/pulleys-rope-clamps/rollnlock,,Very efficient but almost impossible to detension - requires soft release system. Also sold by CMC,,,0,0,0,,,Nir Avneyon,2017-07-12T21:51:06Z,,https://slackdb.com/gear_details/RollnLock
1318,Cinch,Trango,,182,,,9.4–11,Camming,,Active,,,Hard to detension with high tension,,,0,0,0,,,Nir Avneyon,2017-07-12T21:51:06Z,,https://slackdb.com/gear_details/Cinch
1319,Advance Tech HX Progress Capture Pulley,SMC,Aluminum,270,,22,7–12.5,Toothed cam,,Active,https://smcgear.com/advance-tech-hx-progress-capture-pulley.html,154 USD,Very efficient but almost impossible to detension - requires soft release system,,,0,0,0,,,Nir Avneyon,2017-07-12T21:51:06Z,2020-04-18T18:56:56Z,https://slackdb.com/gear_details/AdvanceTechHXProgressCapturePulley
1320,Tapir,One Inch Dreams,,,2,,,Camming,,Active,https://www.facebook.com/OneInchDreams/photos/a.324531780929337.70200.319972641385251/881873901861786/?type=3&__mref=message_bubble,,Sold as part of a pulley system set,,,0,0,1,151,image_files/gear/151.jpg,Nir Avneyon,2017-07-12T21:51:06Z,,https://slackdb.com/gear_details/Tapir
1321,Elephant,Equilibrium Slacklines (EQB),Steel,130,2.5,,8–8,Camming,,Active,http://www.slackshop.cz/en/pulley-systems/106-kladkostroj-eqb-minima.html,,Sold as part of a pulley system set,,,0,0,0,,,Nir Avneyon,2017-07-12T21:51:06Z,,https://slackdb.com/gear_details/Elephant
1322,GRIGRI+,Petzl,Nylon (Polyamide); Aluminum; Stainless Steel,200,,,8.5–11,Camming,,Pre Order,https://www.petzl.com/GB/en/Sport/New/GRIGRI-PLUS#.WIpMWVOF6Uk,,,,,0,0,0,,,Nir Avneyon,2017-07-12T21:51:06Z,2017-07-02T08:22:38Z,https://slackdb.com/gear_details/GRIGRI
1322,GRIGRI+,Petzl,Nylon (Polyamide); Aluminum; Stainless Steel,200,,,8.5–11,Camming,,Pre Order,https://www.petzl.com/GB/en/Sport/New/GRIGRI-PLUS#.WIpMWVOF6Uk,,,,,0,0,0,,,Nir Avneyon,2017-07-12T21:51:06Z,2017-07-02T08:22:38Z,https://slackdb.com/gear_details/GRIGRI
3017,Raed PRO Pulley System,Raed Slacklines,Vectran; Polyester; Dyneema; Kevlar; High Strength Steel,,15,,5–6,Toothed cam,95,Active,https://raed-slacklines.com/pro-9-1-slackline-pulley-system,499 (×1) EUR,,,,0,0,9,92; 93; 94; 95; 96; 97; 98; 99; 100,image_files/gear/100.jpg,Stephan Chalkowski; Nir Avneyon,2017-08-02T12:34:44Z,2020-04-18T18:54:05Z,https://slackdb.com/gear_details/raed_propulleysystem
