id,name,manufacturer,Total kit weight (grams),Webbing length (m),Webbing width (mm),Tensioning Type,Includes tree protectors,Production Status,URL,Price (per unit),remarks,rating (/10),ratings,reviews,comments,images,image ids,cover image,contributors,created,last edited,slackdb url
3140,15m kit,Middle Way Slacklines,,15,50,1x Ratchet,yes,Active,https://middlewayslacklines.com/15m-slackline-kit/,229 ILS,,,,0,0,1,539,image_files/gear/539.jpg,Nir Avneyon,2021-03-30T20:47:57Z,,https://slackdb.com/gear_details/15m_kit
3141,25m kit,Middle Way Slacklines,,25,50,1x Ratchet,yes,Active,https://middlewayslacklines.com/25m-slackline-kit/,269 ILS,,,,0,0,1,540,image_files/gear/540.jpg,Nir Avneyon,2021-03-30T20:49:21Z,,https://slackdb.com/gear_details/25m_kit
3143,15m kit,Acrobat Slackline,,15,50,1x Ratchet,yes,Active,https://www.acrobatslackline.com/slackline-kit15,199 ILS,,,,0,0,1,543,image_files/gear/543.jpg,Nir Avneyon,2021-03-30T21:01:45Z,,https://slackdb.com/gear_details/15m_kit_1
3144,25m kit,Acrobat Slackline,,25,50,1x Ratchet,yes,Active,https://www.acrobatslackline.com/slackline-kit25,249 ILS,,,,0,0,1,544,image_files/gear/544.jpg,Nir Avneyon,2021-03-30T21:02:33Z,,https://slackdb.com/gear_details/25m_kit_1
3155,KIT STREET BALANCE SLACK 10m,Bera Adventure,,10,50,1x Ratchet,yes,Active,https://beraadventure.com.br/product/kit-street-balance-slack-10-metros-backup/,189 BRL,,,,0,0,1,584,image_files/gear/584.jpg,Francisco Vanzuita,2021-05-06T11:38:31Z,2021-05-06T11:59:08Z,https://slackdb.com/gear_details/kit_streetbalanceslack10m
3156,Kit Primitive Compact Line,Bera Adventure,,10,25,Primitive/Ellington,yes,Active,https://beraadventure.com.br/product/kit-primitivo-compact/,189.99 BRL,,,,0,0,1,759,image_files/gear/759.jpg,Francisco Vanzuita,2021-05-06T11:58:42Z,,https://slackdb.com/gear_details/kit_primitivecompactline
3186,Aki Starter Classic Slacklineset,Aki Slacklines,,16,35,1x Ratchet,yes,Active,https://aki-slacklines.de/de/slacklinesets/ratsche/195/aki-starter-classic-slacklineset?c=5,110 EUR,,,,0,0,1,721,image_files/gear/721.jpg,Sto Rch,2021-05-26T07:39:31Z,2021-05-26T13:54:59Z,https://slackdb.com/gear_details/aki_starterclassicslacklineset
3187,BC Prim-25 Slackline Kit,Balance Community: Slackline Outfitters,2000,25,25,Primitive/Ellington,yes,Active,https://www.balancecommunity.com/products/bc-prim-25-slackline-kit?variant=31486157258810,99 USD,,,,0,0,1,724,image_files/gear/724.jpg,Sto Rch,2021-05-26T07:41:39Z,,https://slackdb.com/gear_details/bc_prim-25slacklinekit
3188,EQB Yoga15 M,Equilibrium Slacklines (EQB),1600,15,35,1x Ratchet,,Active,https://www.slackshop.cz/en/for-beginners/93-eqb-yoga-15-m.html,56 EUR,,,,0,0,2,728; 750,image_files/gear/728.jpg,Sto Rch,2021-05-26T07:48:37Z,,https://slackdb.com/gear_details/eqb_yoga15m
3189,Primitive Pack 30m,Geko Slacklines,,30,25,Primitive/Ellington,yes,Active,https://gekoslacklines.mx/producto/primitivo-30m,115 EUR,,,,0,0,1,732,image_files/gear/732.jpg,Sto Rch,2021-05-26T07:54:01Z,,https://slackdb.com/gear_details/primitive_pack30m
3190,Classic Line Red XL TreeWear,Gibbon,4000,25,50,1x Ratchet,yes,Active,https://www.gibbon-slacklines.com/de/produkte/slackline-sets/classicline-red-xl-treewear-2019/,118 EUR,,,,0,0,1,726,image_files/gear/726.jpg,Sto Rch,2021-05-26T07:58:22Z,,https://slackdb.com/gear_details/classic_lineredxltreewear
3191,FUN Kit - Beginner Slackline Set 20m,Raed Slacklines,,20,25,Primitive/Ellington,,Active,https://raed-slacklines.com/fun-kit-beginner-slackline-set-20m,82 EUR,,,,0,0,1,730,image_files/gear/730.jpg,Sto Rch,2021-05-26T08:03:26Z,,https://slackdb.com/gear_details/fun_kit-beginnerslacklineset20m
3192,20m Slackline Kit: 1 Practice Line,Slack Mitra,,20,25,Primitive/Ellington,,Active,https://www.instamojo.com/slackmitra/slackline-kit-1-practice-line/?ref=store,5000 INR,,,,0,0,1,719,image_files/gear/719.jpg,Sto Rch,2021-05-26T08:06:43Z,2021-05-26T12:02:43Z,https://slackdb.com/gear_details/20m_slacklinekit1quotpracticeline
3193,KIT EASY 15M,Slack Mountain,,15,25,Primitive/Ellington,,Active,https://slack-mountain.com/en/slackline-beginner-kit/33-kit-easy-15m.html,55 EUR,,,,0,0,1,731,image_files/gear/731.jpg,Sto Rch,2021-05-26T08:08:45Z,,https://slackdb.com/gear_details/kit_easy15m
3194,Firestarter 35m,SlackGear,5000,35,25,Primitive/Ellington,yes,Active,http://www.slackgear.co.za/product/firestarter-35m/,3250 ZAR,,,,0,0,1,729,image_files/gear/729.jpg,Sto Rch,2021-05-26T08:12:56Z,2021-05-26T13:55:47Z,https://slackdb.com/gear_details/firestarter_35m
3195,Beginner Primitive Slackline Kit,Slacklife BC,,30,25,Primitive/Ellington,,Active,https://www.slacklifebc.com/product/primitive-beginner-slackline-kit/,245 BRL,,,,0,0,1,725,image_files/gear/725.jpg,Sto Rch,2021-05-26T08:23:52Z,,https://slackdb.com/gear_details/beginner_primitiveslacklinekit
3196,Base Line Kit,Slackline Industries,,15,50,1x Ratchet,,Active,https://slacklineindustries.com/collections/all-products/products/base-line-kit,80 USD,,,,0,0,1,722,image_files/gear/722.jpg,Sto Rch,2021-05-26T08:25:28Z,,https://slackdb.com/gear_details/base_linekit
3197,15 Meter Slackline Set – Includes Tree Protection,Slackline Shop NZ,,15,50,1x Ratchet,yes,Active,https://www.slacklineshop.co.nz/product/15-meter-slackline-set/,90 USD,,,,0,0,1,718,image_files/gear/718.jpg,Sto Rch,2021-05-26T08:26:57Z,2021-05-26T13:54:40Z,https://slackdb.com/gear_details/15_meterslacklinesetincludestreeprotection
3198,15 m Clip n Slack Set,Slackline tools,,15,25,2x Ratchets,,Active,https://www.slack-shop.de/15m-clip-n-slack-set.html,120 EUR,,,,0,0,1,717,image_files/gear/717.jpg,Sto Rch,2021-05-26T08:30:21Z,2021-05-26T10:47:59Z,https://slackdb.com/gear_details/15_mclipx27nslackset
3199,Sigma Impact Set,Slackliner.de,,20,25,1x Ratchet,,Active,https://www.slackliner.de/de/Impact-Set.html,66 EUR,,,,0,0,1,734,image_files/gear/734.jpg,Sto Rch,2021-05-26T08:33:03Z,,https://slackdb.com/gear_details/sigma_impactset
3200,Basic2,Slackstar,,15,50,1x Ratchet,,Active,https://slackstar.de/kinder-familie/2-baeume/komplettset-2-teilig/823/basic2?number=SL81792-15-F,64 EUR,,,,0,0,1,723,image_files/gear/723.jpg,Sto Rch,2021-05-26T08:34:55Z,,https://slackdb.com/gear_details/basic2
3201,Primitive Slackline Kit | Light & Easy Setup,Slacktivity,,30,25,Primitive/Ellington,yes,Active,https://slacktivity.com/shop/primitive-slackline-kit/,220 CHF,,,,0,0,1,733,image_files/gear/733.jpg,Sto Rch,2021-05-26T08:37:02Z,,https://slackdb.com/gear_details/primitive_slacklinekitlightampeasysetup
3202,Slackline Kit - Training LINE 18,Spider slacklines,,18,50,1x Ratchet,,Active,https://spider-slacklines.com/shop/it/slackline-kit/11-542-slackline-kit-training-line-18-9506919000.html#/26-scegli_il_backup_kit-nessuno/28-scegli_le_protezioni_per_alberi-nessuna,75 USD,,,,0,0,1,735,image_files/gear/735.jpg,Sto Rch,2021-05-26T08:40:03Z,,https://slackdb.com/gear_details/slackline_kit-trainingline18
3203,23m Active Slackline,Viper Slacklines,,23,50,1x Ratchet,yes,Active,https://www.viperslacklines.co.za/collections/slackline-kits/products/20m-active-slackline,2000 ZAR,,,,0,0,1,720,image_files/gear/720.jpg,Sto Rch,2021-05-26T08:42:36Z,,https://slackdb.com/gear_details/23m_activeslackline
3204,Eline SlacklineE Kit,Yoga Slackers,,15,25,,yes,Active,https://yogaslackers.com/shop/slackline/eline-slackline-kit/,120 USD,,,,0,0,1,727,image_files/gear/727.jpg,Sto Rch,2021-05-26T08:44:39Z,,https://slackdb.com/gear_details/eline_slacklineekit
3206,Allround Slackline | 15m Set,Slacktivity,,15,37,1x Ratchet,yes,Active,https://slacktivity.ch/shop/allround-slackline-15m/,170 CHF,,,,0,0,1,740,image_files/gear/740.jpg,Sto Rch,2021-05-26T11:02:21Z,,https://slackdb.com/gear_details/allround_slackline15mset
3207,Experience Slackline | 30m Set,Slacktivity,,30,37,2x Ratchets,yes,Active,https://slacktivity.ch/shop/experience-slackline-30m/,200 CHF,,,,0,0,1,751,image_files/gear/751.jpg,Sto Rch,2021-05-26T11:03:33Z,,https://slackdb.com/gear_details/experience_slackline30mset
3208,Minimum Slackline | 12m Set,Slacktivity,,12,37,1x Ratchet,,Active,https://slacktivity.ch/shop/minimum-slackline-12m/,99 CHF,,,,0,0,1,763,image_files/gear/763.jpg,Sto Rch,2021-05-26T11:04:29Z,,https://slackdb.com/gear_details/minimum_slackline12mset
3209,Slackline YOGA Set,Slacktivity,,30,26,Primitive/Ellington,yes,Active,https://slacktivity.ch/shop/slackline-yoga-set/,479 CHF,,,,0,0,1,772,image_files/gear/772.jpg,Sto Rch,2021-05-26T11:07:18Z,,https://slackdb.com/gear_details/slackline_yogaset
3210,Traveler | leichte Reise-Slackline,Slacktivity,1040,15,20,Primitive/Ellington,,Active,https://slacktivity.ch/shop/traveler-reise-slackline/,129 CHF,,,,0,0,1,774,image_files/gear/774.jpg,Sto Rch,2021-05-26T11:20:30Z,,https://slackdb.com/gear_details/traveler_leichtereise-slackline
3211,Aki Starter Comfort Slacklineset,Aki Slacklines,,16,35,1x Ratchet,yes,Active,https://aki-slacklines.de/de/slacklinesets/ratsche/199/aki-starter-comfort-slacklineset?c=7,125 EUR,,,,0,0,1,739,image_files/gear/739.jpg,Sto Rch,2021-05-26T11:26:30Z,,https://slackdb.com/gear_details/aki_startercomfortslacklineset
3212,Landcruising Aloha Rodeolineset,Aki Slacklines,,20,25,Primitive/Ellington,yes,Active,https://aki-slacklines.de/de/slacklinesets/rodeoline/2/landcruising-aloha-rodeolineset?c=5,85 EUR,,,,0,0,1,778,image_files/gear/778.jpg,Sto Rch,2021-05-26T11:29:17Z,,https://slackdb.com/gear_details/landcruising_aloharodeolineset
3213,Breathe 20 Slackline Kit,Balance Community: Slackline Outfitters,,20,25,Primitive/Ellington,yes,Active,https://www.balancecommunity.com/products/breathe-20-slackline-kit?variant=32226241085498,99 USD,,,,0,0,1,742,image_files/gear/742.jpg,Sto Rch,2021-05-26T11:32:25Z,2021-05-26T13:55:21Z,https://slackdb.com/gear_details/breathe_20slacklinekit
3214,Kit Cruise 15m,Easy Slackline,,15,50,1x Ratchet,,Active,https://laboutique.slack.fr/en/family-wide-slackline-15m/23-kit-cruise-slackline.html,50 EUR,,,,0,0,1,754,image_files/gear/754.jpg,Sto Rch,2021-05-26T11:43:27Z,,https://slackdb.com/gear_details/kit_cruise15m
3215,Kit Cruise Easy with handlerail,Easy Slackline,,15,50,2x Ratchets,,Active,https://laboutique.slack.fr/en/family-wide-slackline-15m/189-kit-cruise-easy-slackline.html,90 EUR,,,,0,0,1,755,image_files/gear/755.jpg,Sto Rch,2021-05-26T11:45:15Z,,https://slackdb.com/gear_details/kit_cruiseeasywithhandlerail
3216,Easy pack,Easy Slackline,,15,25,1x Ratchet,,Active,https://laboutique.slack.fr/en/family-wide-slackline-15m/182-easy-pack.html,50 EUR,,,,0,0,1,745,image_files/gear/745.jpg,Sto Rch,2021-05-26T11:46:27Z,,https://slackdb.com/gear_details/easy_pack
3217,Kit Primitiv 25,Easy Slackline,,25,25,Primitive/Ellington,,Active,https://laboutique.slack.fr/en/mid-level-slack-2535m/205-kit-primitiv-25m.html,90 EUR,,,,0,0,1,758,image_files/gear/758.jpg,Sto Rch,2021-05-26T11:48:38Z,,https://slackdb.com/gear_details/kit_primitiv25
3218,EQB STEP 12 M,Equilibrium Slacklines (EQB),,25,35,1x Ratchet,,Active,https://www.slackshop.cz/en/for-beginners/9-eqb-step-12-m.html,43 EUR,,,,0,0,1,748,image_files/gear/748.jpg,Sto Rch,2021-05-26T11:51:41Z,,https://slackdb.com/gear_details/eqb_step12m
3219,EQB BALANCE 20 M,Equilibrium Slacklines (EQB),,20,25,1x Ratchet,,Active,https://www.slackshop.cz/en/for-beginners/10-balance-20-m.html,63 EUR,,,,0,0,1,747,image_files/gear/747.jpg,Sto Rch,2021-05-26T11:53:02Z,,https://slackdb.com/gear_details/eqb_balance20m
3220,EQB TRICK 20 M,Equilibrium Slacklines (EQB),,20,50,1x Ratchet,,Active,https://www.slackshop.cz/en/for-beginners/8-eqb-trick-20-m.html,63 EUR,,,,0,0,1,749,image_files/gear/749.jpg,Sto Rch,2021-05-26T11:54:28Z,,https://slackdb.com/gear_details/eqb_trick20m
3221,SLACKLINE KIT - PIRATE 18,Slack Inov,,18,50,1x Ratchet,,Active,https://slack-inov.com/shop/en/slackline-kit/406-slackline-kit-pirate-18-9506919000.html,80 EUR,,,,0,0,1,770,image_files/gear/770.jpg,Sto Rch,2021-05-26T12:00:43Z,,https://slackdb.com/gear_details/slackline_kit-pirate18
3222,SLACKLINE KIT - PLASMA 30,Slack Inov,,30,25,2x Ratchets,,Active,https://slack-inov.com/shop/en/slackline-kit/407-slackline-kit-pirate-30-9506919000.html,100 EUR,,,,0,0,1,771,image_files/gear/771.jpg,Sto Rch,2021-05-26T12:01:55Z,,https://slackdb.com/gear_details/slackline_kit-plasma30
3223,KIT SLACK 15M (17M CUMULÉ),Slack Mountain,,15,50,1x Ratchet,,Active,https://slack-mountain.com/en/slackline-beginner-kit/36-kit-slack-15m-17m-cumule.html,35 EUR,,,,0,0,1,760,image_files/gear/760.jpg,Sto Rch,2021-05-26T12:06:35Z,,https://slackdb.com/gear_details/kit_slack15m17mcumul
3224,KIT INUIT 30 M,Slack Mountain,,30,25,Primitive/Ellington,,Active,https://slack-mountain.com/en/slackline-beginner-kit/34-kit-inuit-30-m.html,90 EUR,,,,0,0,1,757,image_files/gear/757.jpg,Sto Rch,2021-05-26T12:07:21Z,,https://slackdb.com/gear_details/kit_inuit30m
3225,KIT IGLOO 25 M,Slack Mountain,,25,25,Primitive/Ellington,,Active,https://slack-mountain.com/en/slackline-beginner-kit/35-kit-igloo-25-m.html,80 EUR,,,,0,0,1,756,image_files/gear/756.jpg,Sto Rch,2021-05-26T12:08:16Z,,https://slackdb.com/gear_details/kit_igloo25m
3226,KIT SLACK DE 20M AVEC CLIQUET,Slack Mountain,,20,50,1x Ratchet,,Active,https://slack-mountain.com/en/slackline-beginner-kit/37-kit-slack-de-20m-avec-cliquet.html,48 EUR,,,,0,0,1,761,image_files/gear/761.jpg,Sto Rch,2021-05-26T12:09:21Z,,https://slackdb.com/gear_details/kit_slackde20maveccliquet
3227,PACK CLICK 25 M,Slack Mountain,,25,25,2x Ratchets,,Active,https://slack-mountain.com/en/slackline-beginner-kit/200-pack-click-25-m.html,78 EUR,,,,0,0,1,766,image_files/gear/766.jpg,Sto Rch,2021-05-26T12:10:45Z,,https://slackdb.com/gear_details/pack_click25m
3228,PLAY LINE,Slackline Industries,,15,50,,,Active,https://slacklineindustries.com/collections/all-products/products/play-line,100 USD,,,,0,0,1,767,image_files/gear/767.jpg,Sto Rch,2021-05-26T12:19:27Z,,https://slackdb.com/gear_details/play_line
3229,10 m Clip n Slack Set,Slackline tools,,10,30,1x Ratchet,,Active,https://www.slack-shop.de/10m-clip-n-slack-set.html,90 EUR,,,,0,0,1,737,image_files/gear/737.jpg,Sto Rch,2021-05-26T12:28:48Z,,https://slackdb.com/gear_details/10_mclipnslackset
3230,10 m Fit n Slack Set,Slackline tools,,10,30,,,Active,https://www.slack-shop.de/10m-fit-n-slack-set.html,200 EUR,,,,0,0,1,738,image_files/gear/738.jpg,Sto Rch,2021-05-26T12:29:45Z,,https://slackdb.com/gear_details/10_mfitnslackset
3231,"Sigma Slackline Set ( 35 mm ), 15m lang",Slackliner.de,,15,35,1x Ratchet,,Active,https://www.slackliner.de/de/Sigma-Slackline-Set---35-mm----15m-lang-180.html,56 EUR,,,,0,0,1,768,image_files/gear/768.jpg,Sto Rch,2021-05-26T12:31:51Z,,https://slackdb.com/gear_details/sigma_slacklineset35mm15mlang
3232,Sigma Slackline Set ( 35 mm breit ) 25m lang,Slackliner.de,,25,35,1x Ratchet,,Active,https://www.slackliner.de/de/Sigma-Slackline-Set---35-mm---25-35m-lang-181.html,70 EUR,,,,0,0,1,769,image_files/gear/769.jpg,Sto Rch,2021-05-26T12:32:31Z,,https://slackdb.com/gear_details/sigma_slacklineset35mmbreit25mlang
3233,Dragon 2 25 M,Slackstar,,25,50,1x Ratchet,,Active,https://slackstar.de/kinder-familie/2-baeume/komplettset-2-teilig/876/dragon2?number=SL81800-25-DG,125 EUR,,,,0,0,1,743,image_files/gear/743.jpg,Sto Rch,2021-05-26T12:34:54Z,,https://slackdb.com/gear_details/dragon_225m
3234,Nature 2 15M,Slackstar,,15,50,1x Ratchet,,Active,https://slackstar.de/kinder-familie/2-baeume/komplettset-2-teilig/923/nature2?number=SL81792-15_NATURE,170 EUR,,,,0,0,1,764,image_files/gear/764.jpg,Sto Rch,2021-05-26T12:35:53Z,,https://slackdb.com/gear_details/nature_215m
3235,Zebra 6 25 M,Slackstar,,25,50,1x Ratchet,,Active,https://slackstar.de/kinder-familie/2-baeume/komplettset-6-teilig/921/zebra6?number=SL82668-25_ZEBRA,115 EUR,,,,0,0,1,776,image_files/gear/776.jpg,Sto Rch,2021-05-26T12:39:28Z,,https://slackdb.com/gear_details/zebra_625m
3236,Basic 6 25 M,Slackstar,,25,50,1x Ratchet,,Active,https://slackstar.de/kinder-familie/2-baeume/komplettset-6-teilig/893/basic6?number=SL82668-25-F,110 EUR,,,,0,0,1,741,image_files/gear/741.jpg,Sto Rch,2021-05-26T12:40:14Z,,https://slackdb.com/gear_details/basic_625m
3237,Nature 6 15 M,Slackstar,,15,50,1x Ratchet,,Active,https://slackstar.de/kinder-familie/2-baeume/komplettset-6-teilig/916/nature6?number=SL82668-15NATURE,170 EUR,,,,0,0,1,765,image_files/gear/765.jpg,Sto Rch,2021-05-26T12:40:59Z,,https://slackdb.com/gear_details/nature_615m
3238,Dragon 6,Slackstar,,25,50,1x Ratchet,,Active,https://slackstar.de/kinder-familie/2-baeume/komplettset-6-teilig/917/dragon6?number=SL82668-25_DG,160 EUR,,,,0,0,1,744,image_files/gear/744.jpg,Sto Rch,2021-05-26T12:42:00Z,,https://slackdb.com/gear_details/dragon_6
3239,Guide 2 20 M,Slackstar,,20,50,1x Ratchet,,Active,https://slackstar.de/fun-performance/2-baeume/komplettset-2-teilig/866/guide2?number=SL81792-20_35,48 EUR,,,,0,0,2,752; 753,image_files/gear/753.jpg,Sto Rch,2021-05-26T12:43:01Z,,https://slackdb.com/gear_details/guide_220m
3240,Zebra 2 25 M,Slackstar,,25,50,1x Ratchet,,Active,https://slackstar.de/fun-performance/2-baeume/komplettset-2-teilig/868/zebra2?number=SL81792-25_ZEBRA,85 EUR,,,,0,0,1,775,image_files/gear/775.jpg,Sto Rch,2021-05-26T12:43:50Z,,https://slackdb.com/gear_details/zebra_225m
3241,Super Guide 6 30 M,Slackstar,,30,35,1x Ratchet,,Active,https://slackstar.de/fun-performance/2-baeume/komplettset-6-teilig/870/super-guide6?number=SL81798-30,137 EUR,,,,0,0,1,773,image_files/gear/773.jpg,Sto Rch,2021-05-26T12:45:36Z,,https://slackdb.com/gear_details/super_guide630m
3242,Guide 6 20 M,Slackstar,,20,35,1x Ratchet,,Active,https://slackstar.de/fun-performance/2-baeume/komplettset-6-teilig/864/guide6?number=SL81775-20,88 EUR,,,,0,0,1,777,image_files/gear/777.jpg,Sto Rch,2021-05-26T12:46:23Z,,https://slackdb.com/gear_details/guide_620m
3243,ELINE SLACKLINE: LIGHT KIT,Yoga Slackers,,15,25,Primitive/Ellington,,Active,https://yogaslackers.com/shop/slackline/elinelight/,90 USD,,,,0,0,1,746,image_files/gear/746.jpg,Sto Rch,2021-05-26T12:50:35Z,,https://slackdb.com/gear_details/eline_slacklinelightkit
3244,10 m Kids n Slack Set,Slackline tools,,10,45,1x Ratchet,yes,Active,https://www.slack-shop.de/10m-kids-n-slack-set.html,100 EUR,,,,0,0,1,780,image_files/gear/780.jpg,Sto Rch,2021-05-26T13:52:09Z,,https://slackdb.com/gear_details/10_mkidsnslackset
