id,name,manufacturer,Width (cm),Length (cm),Thickness (mm),Weight (grams),Has sling attachment,Production Status,URL,Price (per unit),remarks,rating (/10),ratings,reviews,comments,images,image ids,cover image,contributors,created,last edited,slackdb url
3146,TreePRO,Raed Slacklines,,,,300,,Active,https://raed-slacklines.com/treepro,50 EUR,,,,0,0,3,546; 547; 548,image_files/gear/548.jpg,Nir Avneyon,2021-03-30T21:17:54Z,,https://slackdb.com/gear_details/treepro
3157,Adjustable Tree Wear - Bera,Bera Adventure,10,170,,,yes,Active,https://beraadventure.com.br/product/protetor-de-arvore-regulavel-bera/,25 (×1) BRL,,,,0,0,1,699,image_files/gear/699.jpg,Francisco Vanzuita,2021-05-06T12:07:18Z,,https://slackdb.com/gear_details/adjustable_treewear-bera
3158,Tree-Shirt  L TreePro,Slack house,25,250,,360,yes,Active,https://slackhouseshop.pl/en/produkt/treeprotection-tree-shirt-l/,10.34 EUR,,,,0,0,1,594,image_files/gear/594.jpg,Sto Rch,2021-05-24T09:47:46Z,,https://slackdb.com/gear_details/tree-shirt_ltreepro
3159,TreeHugger Classic,Balance Community: Slackline Outfitters,15,150,5,,yes,Active,https://www.balancecommunity.com/collections/tree-pro/products/treehugger-classic?variant=31955901939770,14.9 EUR,,,,0,0,1,602,image_files/gear/602.jpg,Sto Rch,2021-05-24T11:01:04Z,,https://slackdb.com/gear_details/treehugger_classic
3160,TreeHugger Cosmic,Balance Community: Slackline Outfitters,20,200,6,,yes,Active,https://www.balancecommunity.com/collections/tree-pro/products/treehugger-cosmic?variant=31955910983738,17.9 USD,,,,0,0,1,609,image_files/gear/609.jpg,Sto Rch,2021-05-24T11:10:39Z,,https://slackdb.com/gear_details/treehugger_cosmic
3161,Breathe Tree Pro,Balance Community: Slackline Outfitters,15,150,,,yes,Active,https://www.balancecommunity.com/collections/tree-pro/products/breathe-tree-pro?variant=32226239676474,17.9 USD,,,,0,0,1,616,image_files/gear/616.jpg,Sto Rch,2021-05-24T11:16:38Z,,https://slackdb.com/gear_details/breathe_treepro
3162,Tree-Shirt M TreePro,Slack house,20,150,,170,yes,Active,https://slackhouseshop.pl/en/produkt/treepro-tree-shirt-m/,6.43 EUR,,,,0,0,1,622,image_files/gear/622.jpg,Sto Rch,2021-05-24T11:26:50Z,,https://slackdb.com/gear_details/tree-shirt_mtreepro
3163,Treewear XL – Edition,Gibbon,25,200,,,yes,Active,https://www.gibbon-slacklines.com/de/produkte/zubehoer/treewear-xl/,24.95 EUR,,,,0,0,1,630,image_files/gear/630.jpg,Sto Rch,2021-05-24T11:33:32Z,,https://slackdb.com/gear_details/treewear_xledition
3164,Treepro XL,Slackline Industries,25,198,,,,Active,https://slacklineindustries.com/products/treepro-xl,29.99 USD,,,,0,0,1,642,image_files/gear/642.jpg,Sto Rch,2021-05-24T11:41:26Z,,https://slackdb.com/gear_details/treepro_xl
3165,Tree Pro,Slackline Industries,13,198,,,yes,Active,https://slacklineindustries.com/products/treepro,19.99 EUR,,,,0,0,1,650,image_files/gear/650.jpg,Sto Rch,2021-05-24T12:00:35Z,,https://slackdb.com/gear_details/tree_pro
3166,Slackline Tree Protection Set,Slacktivity,13,240,3,340,,Active,https://slacktivity.com/shop/slackline-tree-protection-set-3-0/,39.95 EUR,,,,0,0,1,658,image_files/gear/658.jpg,Sto Rch,2021-05-24T12:08:07Z,,https://slackdb.com/gear_details/slackline_treeprotectionset
3167,TreeProtection Set | V2,Slacktivity,13,240,3,680,,Active,https://slacktivity.com/shop/treeprotection-set/,34.95 EUR,,,,0,0,1,676,image_files/gear/676.jpg,Sto Rch,2021-05-24T12:14:58Z,,https://slackdb.com/gear_details/treeprotection_setv2
3168,Tree Protection | 3L,Slacktivity,13,240,3,332,yes,Active,https://slacktivity.com/shop/tree-protection-3l/,23.9 EUR,,,,0,0,1,681,image_files/gear/681.jpg,Sto Rch,2021-05-24T12:22:49Z,,https://slackdb.com/gear_details/tree_protection3l
3169,Tree Protection XL,Spider slacklines,13,200,,,yes,Active,https://spider-slacklines.com/shop/en/slackline-accessories/20-tree-protection-xl-slackline-9506919000.html,7.5 (×1) EUR,,,,0,0,1,691,image_files/gear/691.jpg,Sto Rch,2021-05-24T12:57:24Z,,https://slackdb.com/gear_details/tree_protectionxl
3170,Protect Abre Pillow,Slack Mountain,15,150,,280,,Active,https://slack-mountain.com/en/gear/83-protect-arbre-pillow.html,11 EUR,,,,0,0,1,694,image_files/gear/694.jpg,Sto Rch,2021-05-24T13:58:12Z,,https://slackdb.com/gear_details/protect_abrepillow
3171,TreePRO,Raed Slacklines,,,,300,yes,Active,https://raed-slacklines.com/treepro,49.9 EUR,,,,0,0,1,698,image_files/gear/698.jpg,Sto Rch,2021-05-24T14:45:38Z,,https://slackdb.com/gear_details/treepro_1
3172,Tree-Shirt S TreePro,Slack house,16,100,,100,,Active,https://slackhouseshop.pl/en/produkt/tree-shirt-s-treepro/,3.36 EUR,,,,0,0,1,706,image_files/gear/706.jpg,Sto Rch,2021-05-24T16:30:42Z,,https://slackdb.com/gear_details/tree-shirt_streepro
3173,Tree-Guard Set,Slackline tools,15,280,,700,,Active,https://www.berg-freunde.ch/slackline-tools-tree-guard-set-baumschutz/,31.95 CHF,,,,0,0,1,705,image_files/gear/705.jpg,Sto Rch,2021-05-24T16:32:38Z,,https://slackdb.com/gear_details/tree-guard_set
3174,Baumschutz Basic,Slackstar,18,300,,,,Active,https://slackstar.de/lines-zubehoer/baumschutz/847/baumschutz-basic,10.8 EUR,,,,0,0,1,700,image_files/gear/700.jpg,Sto Rch,2021-05-24T16:34:20Z,,https://slackdb.com/gear_details/baumschutz_basic
3175,Tree Pad,Equilibrium Slacklines (EQB),12,200,,240,,Active,https://www.eqb.cz/accesories.html,9.59 EUR,,,,0,0,1,703,image_files/gear/703.jpg,Sto Rch,2021-05-24T16:36:05Z,,https://slackdb.com/gear_details/tree_pad
3176,Baumschutz Easy,Slackstar,12,300,,,,Active,https://slackstar.de/lines-zubehoer/baumschutz/865/baumschutz-easy,59.6 EUR,,,,0,0,1,701,image_files/gear/701.jpg,Sto Rch,2021-05-24T16:38:21Z,,https://slackdb.com/gear_details/baumschutz_easy
3177,Tree Eco,Slack.fr,15,200,,300,,Active,https://laboutique.slack.fr/en/slackline-gear/80-treeco-tree-protection.html,9.92 EUR,,,,0,0,1,702,image_files/gear/702.jpg,Sto Rch,2021-05-24T16:41:53Z,,https://slackdb.com/gear_details/tree_eco
3178,Tree Protection,Spider slacklines,13,100,,200,,Active,https://spider-slacklines.com/shop/en/slackline-accessories/240-tree-protection-s-slackline-9506919000.html,7.95 EUR,,,,0,0,1,704,image_files/gear/704.jpg,Sto Rch,2021-05-24T16:44:24Z,,https://slackdb.com/gear_details/tree_protection
3179,Tree’skin,Elephant,14,150,3,81,,Active,https://www.elephant-slacklines.gr/product/treeskin-15m/,9.68 EUR,,,,0,0,1,707,image_files/gear/707.jpg,Sto Rch,2021-05-24T16:52:57Z,,https://slackdb.com/gear_details/treeskin
