id,name,manufacturer,Total kit weight (grams),Webbing length (m),Webbing width (mm),Tensioning Type,Includes tree protectors,Date introduced,Production Status,URL,Price (per unit),remarks,rating (/10),ratings,reviews,comments,images,image ids,cover image,contributors,created,last edited,slackdb url
3142,23m kit,Middle Way Slacklines,,23,50,1x Ratchet,yes,,Active,,600 ILS,,,,0,0,2,541; 542,image_files/gear/542.jpg,Nir Avneyon,2021-03-30T20:51:55Z,,https://slackdb.com/gear_details/23m_kit
3180,Level 1 Kit,,,23,50,1x Ratchet,yes,2021-05-04,Active,https://www.riggingventures.com/product-page/level-1-trickline-kit,75 (×1) USD,,,,0,0,0,,,Eric Hake,2021-05-24T21:14:45Z,,https://slackdb.com/gear_details/level_1kit
3181,Level Two Kit,,,30,50,2x Ratchets,yes,2021-05-04,Active,https://www.riggingventures.com/product-page/rv-trickline-kit,185 (×1) USD,,,,0,0,0,,,Eric Hake,2021-05-24T21:22:22Z,,https://slackdb.com/gear_details/level_twokit
3182,Level 3 Trickline kit,,,45,50,Other,yes,2021-05-04,Active,https://www.riggingventures.com/product-page/pro-trickline-kit-1,750 (×1) USD,,,,0,0,0,,,Eric Hake,2021-05-24T21:23:40Z,2021-05-24T21:23:58Z,https://slackdb.com/gear_details/level_3tricklinekit
3183,Super Jumpline Slackline Set,Slacktivity,8300,25,37,2x Ratchets,yes,,Active,https://slacktivity.com/shop/super-jumpline-slackline/,230 CHF,,,,0,0,1,713,image_files/gear/713.jpg,Sto Rch; Thomas Buckingham,2021-05-25T04:19:55Z,2021-05-26T07:12:17Z,https://slackdb.com/gear_details/super_jumplineslacklineset
3184,Trickline Kit - Pro Line 25,Spider slacklines,,25,50,2x Ratchets,,,Active,https://spider-slacklines.com/shop/en/trickline-kit/15-544-trickline-kit-pro-line-25-9506919000.html#/26-select_backup_kit-none/29-select_tree_protections-tree_protections_xl_200_cm,150 EUR,,,,0,0,1,715,image_files/gear/715.jpg,Sto Rch; Thomas Buckingham,2021-05-25T07:17:30Z,2021-05-26T07:11:42Z,https://slackdb.com/gear_details/trickline_kit-proline25
3185,Kit Freestyle 22m - Andy Lewis X13,Slack.fr,7800,22,5,2x Ratchets,,,Active,https://laboutique.slack.fr/en/mid-level-slack-2535m/327-kit-freestyle-andy-lewis-slackline.html?fbclid=IwAR2dNVp-afje4n2EDp3MmF23fT_mHKwvaHh9cUyVwPT1JJfJufXXGPbdcUY,200 EUR,,,,0,0,1,714,image_files/gear/714.jpg,Sto Rch; Thomas Buckingham,2021-05-25T07:20:11Z,2021-05-26T07:12:30Z,https://slackdb.com/gear_details/kit_freestyle22m-andylewisx13
3245,BOSS LINE KIT,Slackline Industries,,25,50,2x Ratchets,yes,,Active,https://slacklineindustries.com/collections/all-products/products/boss-line-kit,250 USD,,,,0,0,1,783,image_files/gear/783.jpg,Sto Rch,2021-05-27T16:38:11Z,,https://slackdb.com/gear_details/boss_linekit
3246,25 m Air n Jump Set,Slackline tools,,25,45,2x Ratchets,yes,,Active,https://www.slack-shop.de/25m-air-jump-set.html,180 EUR,,,,0,0,1,782,image_files/gear/782.jpg,Sto Rch,2021-05-27T16:40:11Z,2021-05-27T16:40:39Z,https://slackdb.com/gear_details/25_mairx27njumpsetslide2of4
