id,name,manufacturer,Material,Weight (grams),WLL (kN),Common Slipping Threshold (kN),MBS (kN),Connection type,Compatible webbing width (mm),ISA approved,Date introduced,Production Status,URL,Price (per unit),remarks,rating (/10),ratings,reviews,comments,images,image ids,cover image,contributors,created,last edited,slackdb url
3094,LineGrip Alu G4,Slack Pro!,Aluminum,464,15,25,45,Mounting Hole,24–26,,,Active,https://www.linegrip.com/shop/custom-color-design-linegrip-g4-sbr/,193.7 EUR,,,,0,0,2,373; 374,image_files/gear/374.jpg,Nir Avneyon,2020-04-13T22:53:07Z,2020-04-15T08:27:30Z,https://slackdb.com/gear_details/linegrip_alug4
3095,Snatch 2.2,Souz Slackline,Aluminum; Dyneema,110,7,,25,Dyneema sling loop,24–26,,,Active,https://souzslackline.com/product/stropochvat-2-2/,5377 RUB,,,,0,0,2,378; 384,image_files/gear/384.jpg,Nir Avneyon,2020-04-14T09:43:49Z,2020-04-14T09:55:44Z,https://slackdb.com/gear_details/snatch_221inch
3096,Wafer,Balance Community: Slackline Outfitters,Aluminum; Dyneema,68,4,6,,Dyneema sling loop,16–27,yes,,Active,https://www.balancecommunity.com/products/wafer,89 USD,,,,0,0,3,375; 376; 377,image_files/gear/377.jpg,Nir Avneyon,2020-04-14T10:00:19Z,2020-10-09T18:22:27Z,https://slackdb.com/gear_details/wafer_1
3097,Snatch 2.2T,Souz Slackline,Aluminum; Dyneema,190,10,,35,Dyneema sling loop,49–51,,,Active,https://souzslackline.com/product/snatch-2-2trickline-50mm/,8481 RUB,,,,0,0,2,379; 380,image_files/gear/380.jpg,Nir Avneyon,2020-04-14T10:02:59Z,2020-04-19T21:52:05Z,https://slackdb.com/gear_details/snatch_22t
3098,LineGrip nano,Slack Pro!,Dyneema; Nylon (Polyamide),100,4,8,10,Dyneema sling with ring,24–26,,,Active,https://www.linegrip.com/shop/linegrip-nano,83.95 EUR,,,,0,0,1,385,image_files/gear/385.jpg,Nir Avneyon,2020-04-14T10:18:57Z,2020-04-15T08:10:07Z,https://slackdb.com/gear_details/linegrip_nano_1
3099,LineGrip G5,Slack Pro!,Aluminum,418,15,25,45,Mounting Hole,24–26,,2017-11-30,Active,https://www.linegrip.com/shop/linegrip-g5/,214 EUR,,,,0,0,1,388,image_files/gear/388.jpg,Nir Avneyon; Matthieu Chivas,2020-04-15T08:12:43Z,2021-05-31T21:20:48Z,https://slackdb.com/gear_details/linegrip_g5
3100,TricklineGrip G1,Slack Pro!,Aluminum,784,15,20,45,Mounting Hole,24–52,,2017-07-31,Active,https://www.linegrip.com/shop/tricklinegrip-g1-sbr/,305 EUR,,,,0,0,1,785,image_files/gear/785.jpg,Nir Avneyon,2020-04-15T08:18:02Z,2020-04-15T08:30:13Z,https://slackdb.com/gear_details/tricklinegrip_g1-sbr
3101,TricklineGrip G2,Slack Pro!,Aluminum,729,15,20,45,Mounting Hole,24–52,,2017-11-30,Active,https://www.linegrip.com/shop/tricklinegrip-g2/,327.9 EUR,,,,0,0,1,786,image_files/gear/786.jpg,Nir Avneyon,2020-04-15T08:20:47Z,,https://slackdb.com/gear_details/tricklinegrip_g2
3102,HighlineGrip G2,Slack Pro!,Aluminum,378,7,20,25,Mounting Hole,24–26,,,Discontinued,https://www.linegrip.com/highlinegrip/,,,,,0,0,1,784,image_files/gear/784.jpg,Nir Avneyon,2020-04-15T08:26:15Z,,https://slackdb.com/gear_details/highlinegrip_g2
3112,Grippen,Equilibrium Slacklines (EQB),Stainless Steel; PETG,115,3,,6,Sling loop,24–26,,2020-01-28,Active,https://www.slackshop.cz/en/linegrip/166-396-eqb-grippen.html,39.95 EUR,,,,0,0,2,401; 402,image_files/gear/401.jpg,Nir Avneyon,2020-04-18T21:50:15Z,,https://slackdb.com/gear_details/grippen
3113,Cito,Petram Slacklines,Aluminum,50,4,,12,Dyneema sling loop,24–26,,2019-05-25,Active,https://petramslacklines.site123.me/shop-1/cito-webbing-grip,79.9 EUR,,,,0,0,5,399; 403; 410; 414; 415,image_files/gear/415.jpg,Nir Avneyon,2020-04-18T21:54:38Z,,https://slackdb.com/gear_details/cito
3120,Line Mitra Webbing Gripper,Slack Mitra,Steel,175,5,10,20,Dyneema sling loop,24–26,,2019-12-31,Active,https://www.instamojo.com/slackmitra/line-mitra-webbing-gripper/?ref=store,3990 INR,,,,0,0,3,417; 418; 419,image_files/gear/419.jpg,Navin Torres; Nir Avneyon,2020-04-21T06:48:34Z,2020-04-21T09:27:34Z,https://slackdb.com/gear_details/slack_mitra-linemitrawebbinggripper
