id,name,manufacturer,Webbing Type,Material,Width (mm),Weight per meter (grams),WLL (kN),MBS (kN),Thickness (mm),Elongation,Usage,ISA approved,Date introduced,Production Status,URL,Price (per meter),Flags,maxLength,minLength,remarks,rating (/10),ratings,reviews,comments,images,image ids,cover image,contributors,created,last edited,slackdb url
1,Ribera,Pump Slackline,Flat,Polyester,26,80,,42,,,,,,Discontinued,,,,,,,,,0,0,0,,,Nir Avneyon,2017-07-12T21:51:06Z,2020-04-18T20:28:14Z,https://slackdb.com/gear_details/Ribera
2,Bloodline,Pure Slacklines,Flat,Polyester,25,65,,30,,7% @ 10 kN,,,,Discontinued,,,,,,,,,0,0,0,,,Nir Avneyon,2017-07-12T21:51:06Z,2017-07-02T16:06:01Z,https://slackdb.com/gear_details/Bloodline
3,Tape,Singing rock,Flat,Polyester,25,59,,30,,"{""percent"": 8}",,,,Active,http://www.singingrock.com/slackline-webbing-yellowblack,,,,,,,,0,0,1,472,image_files/gear/472.jpg,Nir Avneyon,2017-07-12T21:51:06Z,,https://slackdb.com/gear_details/Tape
4,Bounce,Equilibrium Slacklines (EQB),Flat,Nylon (Polyamide),19,38,5,16,2,17% @ 10 kN,,,,Active,https://www.slackshop.cz/en/for-advanced/142-eqb-bounce.html,25 CZK,,,,,,,0,0,1,143,image_files/gear/143.jpg,Nir Avneyon,2017-07-12T21:51:06Z,2020-04-18T23:16:30Z,https://slackdb.com/gear_details/Bounce
5,Dragon,Equilibrium Slacklines (EQB),Flat,Polyester,25,64,,31,2.5,6% @ 10 kN,,,,Active,https://www.slackshop.cz/en/webbing/31-eqb-dragon.html,33 CZK,,,,,,,0,0,2,142; 808,image_files/gear/142.jpg,Nir Avneyon,2017-07-12T21:51:06Z,2020-04-19T08:01:29Z,https://slackdb.com/gear_details/Dragon
6,Element,Equilibrium Slacklines (EQB),Tubelar,Nylon (Polyamide),25,42,7,20,2.4,16% @ 10 kN,,,,Active,http://www.eqb.cz/element-en.html,29 CZK,,,,,10,1,1,0,3,26; 27; 48,image_files/gear/26.jpg,Nir Avneyon; Eli Szendro Brown,2017-07-12T21:51:06Z,2017-07-02T21:56:30Z,https://slackdb.com/gear_details/Element
7,Flash,Equilibrium Slacklines (EQB),Flat,Nylon (Polyamide),25,61,,31,2.5,12% @ 10 kN,,,,Discontinued,,,,,,,,,0,0,0,,,Nir Avneyon,2017-07-12T21:51:06Z,2017-07-02T22:18:20Z,https://slackdb.com/gear_details/Flash
8,Neon,Equilibrium Slacklines (EQB),Flat,Polyester,25,48,7,20,2.2,9% @ 10 kN,,,,Active,https://www.slackshop.cz/en/webbing/30-eqb-neon.html,27 CZK,,,,,,,0,0,1,457,image_files/gear/457.jpg,Nir Avneyon,2017-07-12T21:51:06Z,2020-04-18T23:09:58Z,https://slackdb.com/gear_details/Neon
9,Ninja,Equilibrium Slacklines (EQB),Flat,Nylon (Polyamide),35,86,15,45,,11% @ 10 kN,,,,Active,https://www.eqb.cz/ninja-en.html,45 CZK,,,,,,,0,0,1,458,image_files/gear/458.jpg,Nir Avneyon; Matthieu Chivas,2017-07-12T21:51:06Z,2020-08-31T15:49:09Z,https://slackdb.com/gear_details/Ninja
10,Nitro,Equilibrium Slacklines (EQB),Flat,Polyester,50,99,10,40,,11% @ 10 kN,,,,Discontinued,,55.6 (×25) CZK,,,,,,,0,0,0,,,Nir Avneyon,2017-07-12T21:51:06Z,2020-04-18T23:02:46Z,https://slackdb.com/gear_details/Nitro
11,Sumo,Equilibrium Slacklines (EQB),Flat,Polyester,25,82,,40,3.8,6% @ 10 kN,,,,Discontinued,,39 CZK,,,,,,,0,0,2,16; 17,image_files/gear/16.jpg,Nir Avneyon,2017-07-12T21:51:06Z,2020-04-18T23:16:04Z,https://slackdb.com/gear_details/Sumo
12,Slim Green,Equilibrium Slacklines (EQB),Flat,Polyester,25,26,,11,1.6,7% @ 3 kN,Rodeoline; Low Tension lines; Soft Release,,,Active,https://www.slackshop.cz/en/webbing/29-eqb-slim.html,18 CZK,,,,,9,1,1,0,2,28; 48,image_files/gear/28.jpg,Nir Avneyon; Eli Szendro Brown,2017-07-12T21:51:06Z,2020-04-18T23:22:38Z,https://slackdb.com/gear_details/SlimGreen
13,Chartreuse,Line Spirit,Flat,Polyester,25,30,6,20,,8% @ 10 kN,,,,Discontinued,,,,,,,,,0,0,0,,,Nir Avneyon,2017-07-12T21:51:06Z,,https://slackdb.com/gear_details/Chartreuse
14,Dibona,Line Spirit,Tubelar,Polyester,25,65,8,25,,10% @ 10 kN,,,,Discontinued,,,,,,,,,0,0,1,791,image_files/gear/791.jpg,Nir Avneyon,2017-07-12T21:51:06Z,2017-08-28T10:50:17Z,https://slackdb.com/gear_details/Dibona
15,Elia,Line Spirit,Flat,Polyester,25,60,9,32,,4.5% @ 10 kN,,,,Discontinued,,,,,,,,,0,0,0,,,Nir Avneyon,2017-07-12T21:51:06Z,2017-08-28T10:50:24Z,https://slackdb.com/gear_details/Elia
16,Etna II,Line Spirit,Flat,Polyester,25,90,10,50,,2% @ 10 kN,,,,Discontinued,,,,,,,,,0,0,1,438,image_files/gear/438.jpg,Nir Avneyon,2017-07-12T21:51:06Z,2017-08-28T10:50:31Z,https://slackdb.com/gear_details/EtnaII
17,Fuji,Line Spirit,Flat,Dyneema,25,37,10,40,,3% @ 10 kN,,,,Discontinued,,,,,,,,,0,0,0,,,Nir Avneyon,2017-07-12T21:51:06Z,,https://slackdb.com/gear_details/Fuji
18,Krakatoa,Line Spirit,Flat,Polyester,45,96,8.5,45,,,,,,Discontinued,,,,,,,,,0,0,0,,,Nir Avneyon,2017-07-12T21:51:06Z,2017-08-28T11:06:25Z,https://slackdb.com/gear_details/Krakatoa
19,Mauna Kea,Line Spirit,Tubelar,Polyester,26,116,14,42,,4% @ 10 kN,,,,Discontinued,,,,,,,,,0,0,0,,,Nir Avneyon,2017-07-12T21:51:06Z,2017-08-28T10:48:09Z,https://slackdb.com/gear_details/MaunaKea
20,Pierra Menta,Line Spirit,Flat,Nylon (Polyamide),25,54,8,22,,15% @ 10 kN,,,,Discontinued,,,,,,,,,0,0,0,,,Nir Avneyon,2017-07-12T21:51:06Z,2017-08-28T10:47:57Z,https://slackdb.com/gear_details/PierraMenta
21,Vercors,Line Spirit,Flat,Polyester,25,60,8.5,30,,6% @ 10 kN,,,,Discontinued,,,,,,,,,0,0,0,,,Nir Avneyon,2017-07-12T21:51:06Z,2017-08-28T10:47:42Z,https://slackdb.com/gear_details/Vercors
22,Vesuve,Line Spirit,Flat,Polyester,25,56,8,24,,7% @ 10 kN,,,,Discontinued,,,,,,,,,0,0,0,,,Nir Avneyon,2017-07-12T21:51:06Z,2017-08-28T10:47:35Z,https://slackdb.com/gear_details/Vesuve
23,Sat'Elite,Dakas,Flat,Nylon (Polyamide),50,145,,75,,,,,,Discontinued,,2.72 (×25) EUR,,,,,,,0,0,0,,,Nir Avneyon,2017-07-12T21:51:06Z,2020-04-18T20:16:40Z,https://slackdb.com/gear_details/SatElite
24,Red Zebra,Dakas,Flat,Nylon (Polyamide),25,62,,30.9,,16.5% @ 10 kN,,,,Discontinued,,1.19 (×25); 1.19 (×50) EUR,,,,,,,0,0,0,,,Nir Avneyon,2017-07-12T21:51:06Z,2020-04-18T19:21:13Z,https://slackdb.com/gear_details/RedZebra
25,Slack Swan,Dakas,Flat,Polyester,25,78,,36.5,,5.8% @ 10 kN,,,,Discontinued,,,,,,,,,0,0,0,,,Nir Avneyon,2017-07-12T21:51:06Z,2020-04-18T23:10:13Z,https://slackdb.com/gear_details/SlackSwan
26,Flamme II,Slack Inov,Flat,Polyester,25,76,,43,,3.5% @ 10 kN,,,,Discontinued,,,,,,,,,0,0,0,,,Nir Avneyon,2017-07-12T21:51:06Z,2017-07-02T22:09:40Z,https://slackdb.com/gear_details/FlammeII
27,Emeraude,Slack Inov,Tubelar,Polyester,50,95,2.3,40,,,,,,Active,http://slack-inov.com/gb/webbing/9-emeraude,2 (≥20) EUR,,,,,,,0,0,1,437,image_files/gear/437.jpg,Nir Avneyon,2017-07-12T21:51:06Z,2017-07-02T22:08:21Z,https://slackdb.com/gear_details/Emeraude
28,Cobalt,Slack Mountain,Flat,Polyester,25,60,15,30,2.8,3.8% @ 10 kN,Slackline; Highline; Longline; Rodeoline; Low Tension lines; Soft Release,,,Active,http://slack-mountain.com/en/webbing-slackline/1-cobalt.html,2 (×15); 1.6 (×25); 1.6 (×30); 1.3 (×40); 1.2 (×50); 1.25 (×60); 1.21 (×70); 1.19 (×80); 1.17 (×90); 1.1 (×100); 1.1 (×150); 1.05 (×200); 1 (×300); 1 (×400) EUR,,,,,,,0,0,1,117,image_files/gear/117.jpg,Nir Avneyon; Romain Schempf,2017-07-12T21:51:06Z,2017-08-04T09:30:57Z,https://slackdb.com/gear_details/Cobalt
30,Diablo2,Slack Mountain,Core/Sheath,Polyester,25,96,15,30,3.6,3.5% @ 10 kN,Slackline; Highline; Longline; Rodeoline; Low Tension lines,,,Active,http://slack-mountain.com/en/webbing-slackline/132-diablo2.html,1 (×10); 1 (×15); 1 (×20); 1.49 (≥50) EUR,,,,,,,0,0,1,118,image_files/gear/118.jpg,Nir Avneyon; Romain Schempf,2017-07-12T21:51:06Z,2017-08-17T08:34:14Z,https://slackdb.com/gear_details/Diablo2
31,Flax NY,Slack Mountain,Flat,Nylon (Polyamide),25,38,6,20,1.7,13% @ 10 kN,Slackline; Rodeoline; Low Tension lines; Soft Release,,,Discontinued,,1.5 (×15); 1.5 (×25); 1.5 (×30) EUR,,,,,,,0,0,1,119,image_files/gear/119.jpg,Nir Avneyon; Romain Schempf,2017-07-12T21:51:06Z,2020-04-18T23:15:11Z,https://slackdb.com/gear_details/FlaxNY
32,Artic Fox,Slack Mountain,Tubelar,Polyester,25,52,10.5,21,2,10% @ 10 kN,Slackline; Highline; Longline; Rodeoline; Low Tension lines; Soft Release,,,Discontinued,,1.3 (×20); 1.3 (×35) EUR,,,,"material: Sewn Tubular, cannot be opened",,,0,0,1,128,image_files/gear/128.jpg,Nir Avneyon; Romain Schempf,2017-07-12T21:51:06Z,2018-11-15T16:45:22Z,https://slackdb.com/gear_details/ArticFox
33,Goku,Slack Mountain,Flat,Polyester; Dyneema,25,32,11,35,,3.8% @ 10 kN,,,,Discontinued,,,,,,,,,0,0,1,444,image_files/gear/444.jpg,Nir Avneyon,2017-07-12T21:51:06Z,2020-04-18T21:06:43Z,https://slackdb.com/gear_details/Goku
34,Goku 2,Slack Mountain,Flat,Polyester; Dyneema,25,41,11,40,2,3.8% @ 10 kN,Slackline; Highline; Longline; Rodeoline,,,Active,http://slack-mountain.com/en/webbing-slackline/136-goku2.html,2.66 (×15); 2.5 (×30); 2.4 (×50); 2.4 (×100); 2.4 (×150); 2.4 (×200); 2.04 (×240); 2 (×250); 2.4 (×300); 2.4 (×400) EUR,,,,,,,0,0,1,120,image_files/gear/120.jpg,Nir Avneyon; Romain Schempf,2017-07-12T21:51:06Z,2017-08-04T09:49:29Z,https://slackdb.com/gear_details/Goku2
35,Plum,Slack Mountain,Flat,Polyester,25,25,4,10,1,7.5% @ 5 kN,Slackline; Rodeoline,,,Active,http://slack-mountain.com/en/webbing-slackline/7-plum.html,1.67 EUR,,,,,,,0,0,1,122,image_files/gear/122.jpg,Nir Avneyon; Romain Schempf,2017-07-12T21:51:06Z,2017-09-03T07:45:38Z,https://slackdb.com/gear_details/Plum
36,Snake Tub,Slack Mountain,Tubelar,Polyester,25,52,10.5,21,2.1,10% @ 10 kN,Slackline; Highline; Longline; Rodeoline; Low Tension lines,,,Active,http://slack-mountain.com/en/webbing-slackline/5-snake-tub.html,1.5; 2 (×15); 1.8 (×25); 1.83 (×30); 1.63 (×40); 1.5 (×50); 1.5 (×60); 1.5 (×70); 1.5 (×90); 1.5 (×100); 1.5 (×120); 1.5 (×130); 1.5 (×150); 1.65 (×200) EUR,,,,,,,0,0,1,123,image_files/gear/123.jpg,Nir Avneyon; Romain Schempf,2017-07-12T21:51:06Z,2017-08-04T09:51:44Z,https://slackdb.com/gear_details/SnakeTub
37,Wallaby,Slack Mountain,Flat,Polyester,48,118,30,60,3.1,2.4% @ 8 kN,Trickline,,,Active,http://slack-mountain.com/en/jumplines/6-wallaby.html,2.2 (×20); 2.2 (×25); 2.2 (×30); 2.2 (×40); 2.2 (×50) EUR,,,,,,,0,0,1,126,image_files/gear/126.jpg,Nir Avneyon; Romain Schempf,2017-07-12T21:51:06Z,2017-08-04T09:54:05Z,https://slackdb.com/gear_details/Wallaby
38,Windu,Slack Mountain,Flat,Polyester,25,65,12.5,25,2.5,6.5% @ 10 kN,Slackline; Highline; Longline; Rodeoline; Low Tension lines; Trickline; Soft Release,,,Discontinued,,1.33 (×15); 1.35 (×20); 1.5 (×25); 1.33 (×30); 1.13 (×40); 1.1 (×50); 1.08 (×60); 1.07 (×70); 1.05 (×100); 1.07 (×150); 1.02 (×200) EUR,,,,,,,0,0,1,127,image_files/gear/127.jpg,Nir Avneyon; Romain Schempf,2017-07-12T21:51:06Z,2020-04-19T22:50:31Z,https://slackdb.com/gear_details/Windu
39,Club S,Slack.fr,Threaded Tubular,,25,75,10,30,,7% @ 10 kN,,,,Discontinued,,2.06 (×30) EUR,,,,,,,0,0,0,,,Nir Avneyon,2017-07-12T21:51:06Z,2020-04-18T21:06:08Z,https://slackdb.com/gear_details/ClubS
40,Dark Blue,Slack.fr,Flat,Polyester,25,62,15,28,,4.7% @ 10 kN,,,,Discontinued,,1.96 (×25) EUR,,,25,,,,0,0,1,435,image_files/gear/435.jpg,Nir Avneyon,2017-07-12T21:51:06Z,2020-04-18T21:20:14Z,https://slackdb.com/gear_details/DarkBlue
41,MILF,Slack.fr,Flat,Polyester,25,73,10.3,37,3,7% @ 10 kN,,,,Discontinued,,2.15; 2.1 (≥50); 2.05 (≥100); 1.99 (≥150); 1.94 (≥200); 1.9 (≥300) EUR,,,,,,,0,0,3,8; 9; 10,image_files/gear/8.jpg,Nir Avneyon,2017-07-12T21:51:06Z,2020-04-18T23:14:45Z,https://slackdb.com/gear_details/MILF
42,Moonwalk,Slack.fr,Flat,Polyester; Dyneema,25,34,9,35,2,3.4% @ 10 kN,,,,Active,https://laboutique.slack.fr/en/slackline-webbings/41-moonwalk-flat-hybride.html,3.2 EUR,,,,,,,0,0,1,456,image_files/gear/456.jpg,Nir Avneyon; Romain Schempf,2017-07-12T21:51:06Z,2020-04-18T19:48:26Z,https://slackdb.com/gear_details/Moonwalk
43,Neon Light,Slack.fr,Flat,Polyester,25,62,,35,,4.5% @ 10 kN,,,,Discontinued,,1.4; 1.34 (≥50); 1.3 (≥100); 1.25 (≥150); 1.2 (≥200) EUR,,,,,,,0,0,0,,,Nir Avneyon,2017-07-12T21:51:06Z,2020-04-19T07:23:24Z,https://slackdb.com/gear_details/NeonLight
44,SuperFL Kill Bill,Slack.fr,Flat,Polyester,25,146,,54,5,2.5% @ 10 kN,,,,Discontinued,,2.7; 2.6 (≥200) EUR,,,,,,,0,0,1,790,image_files/gear/790.jpg,Nir Avneyon,2017-07-12T21:51:06Z,2020-04-18T21:19:14Z,https://slackdb.com/gear_details/SuperFLKillBill
45,SuperFL Maverick V2,Slack.fr,Flat,Polyester,25,62,,31,,4.5% @ 10 kN,,,,Discontinued,,1.4; 1.34 (≥50); 1.3 (≥100); 1.25 (≥150); 1.2 (≥200) EUR,,,,,8,1,1,0,2,235; 236,image_files/gear/236.jpg,Nir Avneyon; Ilia Oshmiansky,2017-07-12T21:51:06Z,2020-04-19T10:00:49Z,https://slackdb.com/gear_details/SuperFLMaverickV2
46,Supertube Norway,Slack.fr,Tubelar,Polyester,25,54,7,21,2,10% @ 10 kN,,,,Discontinued,,2.24 (×25) EUR,,,,,,,0,0,0,,,Nir Avneyon,2017-07-12T21:51:06Z,2020-04-18T19:41:51Z,https://slackdb.com/gear_details/SupertubeNorway
48,Jumpline,Slack.fr,Flat,Polyester,30,60,10,30,2,4% @ 10 kN,,,,Discontinued,,,,,,,,,0,0,0,,,Nir Avneyon,2017-07-12T21:51:06Z,2020-04-19T08:36:03Z,https://slackdb.com/gear_details/Jumpline
49,Jumpline Pro Series,Slack.fr,Flat,Polyester,40,74,13.3,40,2,4.5% @ 10 kN,,,,Discontinued,,2.75 (×20); 2.63 (×30) EUR,,,,,,,0,0,1,448,image_files/gear/448.jpg,Nir Avneyon,2017-07-12T21:51:06Z,2020-04-18T19:46:47Z,https://slackdb.com/gear_details/JumplineProSeries
50,Jumpline AntiPop,Slack.fr,Flat,Polyester,40,101,15,45,3,8% @ 10 kN,,,,Discontinued,,2.72 (×20); 2.72 (×25); 2.49 (×30); 2.72 (×35); 2.72 (×50) EUR,,,,,,,0,0,1,447,image_files/gear/447.jpg,Nir Avneyon,2017-07-12T21:51:06Z,2020-04-18T22:51:48Z,https://slackdb.com/gear_details/JumplineAntiPop
51,Passion red,Elephant,Flat,Nylon (Polyamide),25,69,,33,3.6,12.3% @ 10 kN,,,,Discontinued,,3 CAD,,,,,,,0,0,2,233; 234,image_files/gear/234.jpg,Nir Avneyon,2017-07-12T21:51:06Z,2020-04-19T21:12:55Z,https://slackdb.com/gear_details/Passionred
52,Flash'line,Elephant,Flat,Polyester,50,86,,,,2% @ 7.5 kN,,,,Active,http://elephant-slacklines.com,2.35 EUR,Customized Text,,,,,,0,0,1,441,image_files/gear/441.jpg,Nir Avneyon,2017-07-12T21:51:06Z,2018-11-15T17:02:26Z,https://slackdb.com/gear_details/Flashline
53,BlueWing,Elephant,Flat,Polyester,25,63,,30,,11% @ 10 kN,,,,Discontinued,,1.49 EUR,,,,,,,0,0,3,141; 240; 241,image_files/gear/241.jpg,Nir Avneyon; Helmut Netzwerker,2017-07-12T21:51:06Z,2019-04-10T22:32:31Z,https://slackdb.com/gear_details/BlueWing
54,EcoLine,Elephant,Flat,Polyester,50,86,,45,,2% @ 7 kN,,,,Active,http://elephant-slacklines.com,1.95 EUR,Customized Text,,,,,,0,0,1,436,image_files/gear/436.jpg,Nir Avneyon,2017-07-12T21:51:06Z,2018-11-15T16:58:53Z,https://slackdb.com/gear_details/EcoLine
55,Wing 3.5,Elephant,Flat,Polyester,35,54,,30,,5.9% @ 7.5 kN,,,,Discontinued,,,Customized Text,,,,,,0,0,0,,,Nir Avneyon,2017-07-12T21:51:06Z,2020-04-19T07:53:53Z,https://slackdb.com/gear_details/Wing35
56,Skillshot HS,Gambit,Flat,Polyester,25,60,,32,3.1,6% @ 10 kN,,,,Discontinued,,,,,,,,,0,0,2,19; 20,image_files/gear/19.jpg,Nir Avneyon,2017-07-12T21:51:06Z,2017-07-03T13:57:07Z,https://slackdb.com/gear_details/SkillshotHS
57,Skillshot LS,Gambit,Flat,Polyester,25,59,,32,2.5,4% @ 10 kN,,,,Discontinued,,,,,,,,,0,0,0,,,Nir Avneyon,2017-07-12T21:51:06Z,2017-07-03T13:57:18Z,https://slackdb.com/gear_details/SkillshotLS
58,Flow Line,Gibbon,Flat,Polyester,25,64,,30,,7% @ 10 kN,Slackline; Highline; Longline,,,Active,http://www.gibbon-slacklines.com/en/products/longline-modules/flowline/index.html,,,150,,,,,0,0,1,794,image_files/gear/794.jpg,Nir Avneyon; Gefen Aharon,2017-07-12T21:51:06Z,2021-01-23T17:00:42Z,https://slackdb.com/gear_details/FlowLine
59,Tube Line,Gibbon,Tubelar,,25,64,,30,,,,,,Discontinued,,,,150,,,,,0,0,0,,,Nir Avneyon; Matthieu Chivas,2017-07-12T21:51:06Z,2021-06-16T08:50:17Z,https://slackdb.com/gear_details/TubeLine
60,Verve 35mm,Landcruising,Flat,Polyester,35,69,,35,,7% @ 10 kN,,,,Discontinued,,,,,,,,,0,0,0,,,Nir Avneyon,2017-07-12T21:51:06Z,2018-09-10T15:27:03Z,https://slackdb.com/gear_details/Verve35mm
61,Core 1,Landcruising,Core/Sheath,Polyester,25,76,,40,3.9,2.8% @ 10 kN,Slackline; Highline; Longline; Rodeoline; Low Tension lines,,,Discontinued,,,,,,,8,1,1,0,1,133,image_files/gear/133.jpg,Nir Avneyon; Philipp Gesing; Helmut Netzwerker; Romain Schempf,2017-07-12T21:51:06Z,2018-09-10T15:25:34Z,https://slackdb.com/gear_details/Core1
62,Core 2 HS,Landcruising,Core/Sheath,Polyester,25,71.5,,44,3.5,6% @ 10 kN,Slackline; Highline; Longline; Rodeoline; Low Tension lines,,,Discontinued,,,,,,,8,1,1,0,1,63,image_files/gear/63.jpg,Nir Avneyon; Eli Szendro Brown; Helmut Netzwerker; Romain Schempf,2017-07-12T21:51:06Z,2018-09-10T15:25:44Z,https://slackdb.com/gear_details/Core2HS
63,Core 2 LS,Landcruising,Core/Sheath,Polyester,25,69.9,,44,3.2,2% @ 10 kN,Slackline; Highline; Longline; Low Tension lines,,,Discontinued,,,,,,,9,1,1,0,5,3; 4; 5; 11; 12,image_files/gear/3.jpg,Nir Avneyon; Helmut Netzwerker; Romain Schempf; Benoit Crera,2017-07-12T21:51:06Z,2018-09-10T15:25:54Z,https://slackdb.com/gear_details/Core2LS
64,Matrix,Landcruising,Tubelar,Nylon (Polyamide),32,102,,43,4,14.5% @ 12 kN,,,,Discontinued,,3.95 EUR,,,,,,,0,0,1,135,image_files/gear/135.jpg,Nir Avneyon,2017-07-12T21:51:06Z,2018-09-10T15:26:04Z,https://slackdb.com/gear_details/Matrix
65,Matrix Outer,Landcruising,Threaded Tubular,Nylon (Polyamide),32,58,8,27,,14% @ 9 kN,,,,Discontinued,,,,,,,,,0,0,0,,,Nir Avneyon,2017-07-12T21:51:06Z,2018-09-10T15:26:12Z,https://slackdb.com/gear_details/MatrixOuter
66,Sonic 2.0,Aki Slacklines,Core/Sheath,Nylon (Polyamide),25,68,7,34,,15% @ 10 kN,,,,Active,https://aki-slacklines.de/en/webbing/polyamide/137/aki-sonic-2-slackline-webbing?c=12&fbclid=IwAR1eTq7La_8P4pp3HW0hq4rE2LNuzA2ZAbm-Vyx4gXORVdZU1EmhrtBbLAo,1.99 EUR,,,,,9,2,2,0,2,21; 22,image_files/gear/21.jpg,Nir Avneyon; Gat Haneman; Eli Szendro Brown; Romain Schempf,2017-07-12T21:51:06Z,2019-07-14T22:04:36Z,https://slackdb.com/gear_details/Sonic20
67,T-Wave,Landcruising,Threaded Tubular,Nylon (Polyamide),25,80,10,38,4.5,14.3% @ 10 kN,,,,Discontinued,,3.33 EUR,,,,,,,0,0,1,134,image_files/gear/134.jpg,Nir Avneyon,2017-07-12T21:51:06Z,2018-09-10T15:26:33Z,https://slackdb.com/gear_details/TWave
68,Wave Tube,Landcruising,Tubelar,Nylon (Polyamide),25,42,5,20,2.3,17% @ 10 kN,,,,Discontinued,,1.69 (×1) EUR,,,,,,,0,0,1,137,image_files/gear/137.jpg,Nir Avneyon,2017-07-12T21:51:06Z,2018-09-10T15:27:20Z,https://slackdb.com/gear_details/WaveTube
69,Wave Tape 19,Landcruising,Flat,Nylon (Polyamide),19,38,6,18,2.4,14% @ 6 kN,,,,Discontinued,,1.35 EUR,,,,,,,0,0,1,138,image_files/gear/138.jpg,Nir Avneyon,2017-07-12T21:51:06Z,2018-09-10T15:27:11Z,https://slackdb.com/gear_details/WaveTape19
70,Wave Tube 19,Landcruising,Tubelar,Nylon (Polyamide),19,36,,16,2.4,14% @ 6 kN,,,,Discontinued,,1.35 EUR,,,,,,,0,0,1,139,image_files/gear/139.jpg,Nir Avneyon,2017-07-12T21:51:06Z,2020-04-18T22:36:56Z,https://slackdb.com/gear_details/WaveTube19
71,White Magic,Aki Slacklines,Flat,Polyester,25,58,,32.5,,5% @ 10 kN,Slackline; Highline; Longline; Rodeoline; Low Tension lines,,,Active,https://aki-slacklines.de/en/webbing/polyester/4/aki-white-magic-webbing?c=6,1.3 EUR,,,,,7,1,1,0,1,136,image_files/gear/136.jpg,Nir Avneyon; Raz Rimon,2017-07-12T21:51:06Z,2020-04-19T07:59:53Z,https://slackdb.com/gear_details/WhiteMagic
72,Sigma Impact,Slackliner.de,Flat,Polyester,25,64,,35,2.7,10.3% @ 10 kN,,,,Active,http://www.slackliner.de/Webbing/Flat-Webbing/Sigma-Impact.html,1.05 EUR,,,,,,,0,0,1,463,image_files/gear/463.jpg,Nir Avneyon,2017-07-12T21:51:06Z,2017-07-03T13:09:51Z,https://slackdb.com/gear_details/SigmaImpact
73,Sigma Impact LS,Slackliner.de,Flat,Polyester,25,64,,37,2.7,4% @ 10 kN,,,,Active,http://www.slackliner.de/Slackline-Band/Flachband/Sigma-Impact-lowstretch.html,0.9 EUR,,,15,,,,0,0,1,464,image_files/gear/464.jpg,Nir Avneyon,2017-07-12T21:51:06Z,2017-07-03T13:10:43Z,https://slackdb.com/gear_details/SigmaImpactLS
74,Sigma LG,Slackliner.de,Flat,Polyester,25,66,12,38,2.8,3.8% @ 12 kN,,,,Discontinued,,1.05 EUR,,,,,,,0,0,0,,,Nir Avneyon,2017-07-12T21:51:06Z,2020-04-18T19:40:21Z,https://slackdb.com/gear_details/SigmaLG
75,Sigma N,Slackliner.de,Tubelar,Nylon (Polyamide),25,55,10,26,,17.3% @ 10 kN,,,,Active,http://www.slackliner.de/Webbing/Nylon/Sigma-N-jormungand-270.html,1.49 EUR,,,,,,,0,0,1,465,image_files/gear/465.jpg,Nir Avneyon,2017-07-12T21:51:06Z,2017-07-03T13:28:14Z,https://slackdb.com/gear_details/SigmaN
76,Sigma X (HeliX),Slackliner.de,Tubelar,Nylon (Polyamide),25,44,8,21,,15.5% @ 8 kN,,,,Active,http://www.slackliner.de/Slackline-Band/Schlauchband/Sigma-X.html,1.49 EUR,,,,,,,0,0,1,466,image_files/gear/466.jpg,Nir Avneyon,2017-07-12T21:51:06Z,2017-07-03T13:28:35Z,https://slackdb.com/gear_details/SigmaXHeliX
77,Strong II,Slackline tools,Flat,Polyester,25,67,,36,,4.5% @ 6 kN,,,,Active,https://www.slack-shop.de/baender-schlingen/bander/strong/slacklineband-strong-ii.html,1.99 (×30); 1.99 (×50); 1.99 (×75); 2.2 (×100) EUR,,,,,,,0,0,1,146,image_files/gear/146.jpg,Nir Avneyon; Helmut Netzwerker,2017-07-12T21:51:06Z,2020-04-18T23:14:23Z,https://slackdb.com/gear_details/StrongII
78,FLY Line,Spider slacklines,Flat,Polyester,25,58,,33,,4% @ 10 kN,,,,Active,http://spider-slacklines.com/shop/en/longline-webbings/77-fly-line.html,1.37; 1.34 (≥80); 1.29 (≥120); 1.22 (≥200); 1.02 (≥350) EUR,,,,,,,0,0,1,443,image_files/gear/443.jpg,Nir Avneyon,2017-07-12T21:51:06Z,2017-07-02T22:26:56Z,https://slackdb.com/gear_details/FLYLine
79,Tender Line,Spider slacklines,Tubelar,Polyester,25,48,8,23,2.5,6% @ 8 kN,,,,Active,https://spider-slacklines.com/shop/en/longline-webbings/76-tender-line.html,1.1; 1.06 (≥80); 1 (≥120); 0.98 (≥200); 0.96 (≥350) EUR,,,,,,,0,0,1,473,image_files/gear/473.jpg,Nir Avneyon,2017-07-12T21:51:06Z,2018-10-01T16:15:21Z,https://slackdb.com/gear_details/TenderLine
80,Zao Line,Spider slacklines,Flat,Polyester,25,65,12,32,3.2,9% @ 12 kN,,,,Active,http://spider-slacklines.com/shop/en/longline-webbings/69-zao-line.html,1.4; 1.37 (≥80); 1.33 (≥120); 1.25 (≥200); 1.14 (≥350) EUR,,,,,,,0,0,1,432,image_files/gear/432.jpg,Nir Avneyon,2017-07-12T21:51:06Z,2017-07-03T19:09:12Z,https://slackdb.com/gear_details/ZaoLine
81,Octopussy MKV,Slack house,Flat,Polyester,25,60,7,30,2.85,7% @ 10 kN,,,,Active,https://slackhouseshop.pl/en/produkt/octopussy-en,3.66; 3.65 (×40); 3.61 (×60); 3.59 (×80); 3.58 (×100); 3.56 (×120); 3.54 (×150); 3.5 (×200); 3.46 (×250); 3.41 (×300); 3.33 (×400); 3.25 (×500); 3.21 (×600); 3.17 (×700) PLN,,,,,,,0,0,2,79; 237,image_files/gear/237.jpg,Nir Avneyon,2017-07-12T21:51:06Z,2020-04-19T09:42:57Z,https://slackdb.com/gear_details/OctopussyMKV
82,Rubber Band MKIII BLU,Slack house,Flat,Nylon (Polyamide),25,60,7,30,3.35,14% @ 10 kN,,,,Active,https://slackhouseshop.pl/produkt/rubber-band-blu,4.47; 4.45 (×40); 4.43 (×60); 4.39 (×100); 4.37 (×120); 4.35 (×150); 4.31 (×200); 4.27 (×250); 4.23 (×300); 4.15 (×400); 3.98 (×600) PLN,,,,,,,0,0,1,81,image_files/gear/81.jpg,Nir Avneyon,2017-07-12T21:51:06Z,2020-04-19T09:32:03Z,https://slackdb.com/gear_details/RubberBandMKIIIBLU
83,Rubber Band MKIII SOL,Slack house,Flat,Nylon (Polyamide),25,60,7,30,3.35,14% @ 10 kN,,,,Active,https://slackhouseshop.pl/en/produkt/slackhouse-rubber-band-25mm-sol/,4.47; 4.46 (×40); 4.43 (×60); 4.41 (×80); 4.39 (×100); 4.37 (×120); 4.35 (×150); 4.31 (×200); 4.27 (×250); 4.23 (×300); 4.15 (×400); 4.07 (×500) PLN,,,,,,,0,0,3,82; 231; 232,image_files/gear/232.jpg,Nir Avneyon,2017-07-12T21:51:06Z,2020-04-20T17:22:44Z,https://slackdb.com/gear_details/RubberBandMKIII
84,Blue Mile,Slack house,Flat,Polyester,25,59.7,11,32,2.6,3.8% @ 10 kN,,,,Active,http://slackline.pl/bluemile,4.5; 4.48 (≥30); 4.45 (≥50); 4.43 (≥70); 4.4 (≥100); 4.37 (≥120); 4.3 (≥150); 4.2 (≥200); 4.1 (≥250); 4 (≥300) PLN,,,,,,,0,0,1,80,image_files/gear/80.jpg,Nir Avneyon,2017-07-12T21:51:06Z,2017-07-02T16:08:30Z,https://slackdb.com/gear_details/BlueMile
85,Sin Más,Ambaradam,Flat,Polyester,25,52,10,36,,7% @ 10 kN,,,,Active,http://ambaradam.net/product/sin-mas/,0.95; 0.85 (≥200) EUR,,,,,,,0,0,1,467,image_files/gear/467.jpg,Nir Avneyon,2017-07-12T21:51:06Z,2017-07-03T13:30:11Z,https://slackdb.com/gear_details/SinMs
86,Black-White,Slacktivity,Flat,Polyester,25,88,,43,,6% @ 10 kN,,,,Discontinued,,2.3 (×100) EUR,,,,,,,0,0,1,434,image_files/gear/434.jpg,Nir Avneyon,2017-07-12T21:51:06Z,2018-11-15T16:48:11Z,https://slackdb.com/gear_details/BlackWhite
87,Marathon,Slacktivity,Core/Sheath,Polyester,25,61.5,,37,,4% @ 10 kN,,,,Active,https://www.slacktivity.com/marathon-50m-500m,1.8 (×50); 1.8 (×80); 1.8 (×100); 1.8 (×150) EUR,,,,,,,0,0,1,453,image_files/gear/453.jpg,Nir Avneyon; Eli Szendro Brown,2017-07-12T21:51:06Z,2020-04-18T22:36:11Z,https://slackdb.com/gear_details/Marathon
88,RedTUBE,Slacktivity,Tubelar,Nylon (Polyamide),25,76,,32,,18% @ 10 kN,,yes,,Active,https://www.slacktivity.com/redtube-30m-200m,2.5 (×30); 2.4 (×50); 2.18 (×80); 2.3 (×100); 2.25 (×200) EUR,,,,,10,1,1,0,1,52,image_files/gear/52.jpg,Nir Avneyon; Eli Szendro Brown,2017-07-12T21:51:06Z,2020-10-09T18:12:23Z,https://slackdb.com/gear_details/RedTUBE
89,Aero,Balance Community: Slackline Outfitters,Flat,Polyester,25,59,6.7,33.4,2.5,10% @ 10 kN,,,,Discontinued,,,,,,,,,0,0,1,329,image_files/gear/329.jpg,Nir Avneyon,2017-07-12T21:51:06Z,2017-06-29T15:50:06Z,https://slackdb.com/gear_details/Aero
90,Feather,Balance Community: Slackline Outfitters,Flat,Polyester,25,34,4,20,1.5,10.3% @ 10 kN,,,,Discontinued,,1.61; 1.63 (×15); 1.62 (×30); 1.59 (×50); 1.6 (×60); 1.59 (×75); 1.57 (×100); 1.58 (×120); 1.58 (×150); 1.55 (×200) USD,,,,,,,0,0,2,48; 53,image_files/gear/53.jpg,Nir Avneyon,2017-07-12T21:51:06Z,2020-04-18T21:10:38Z,https://slackdb.com/gear_details/Feather
91,Mantra MK4: Flight,Balance Community: Slackline Outfitters,Flat,Polyester,25,76,8.4,42,3.5,4.2% @ 10 kN,,,,Active,http://www.balancecommunity.com/mantra-mk4-flight,2.46; 2.5 (×30); 2.46 (×50); 2.47 (×60); 2.45 (×75); 2.42 (×100); 2.44 (×120); 2.44 (×150); 2.41 (×200); 2.4 (×250); 2.43 (×300); 2.37 (×400); 2.36 (×500) USD,,,,,,,0,0,1,452,image_files/gear/452.jpg,Nir Avneyon,2017-07-12T21:51:06Z,,https://slackdb.com/gear_details/MantraMK4Flight
92,Mantra MKIII,Balance Community: Slackline Outfitters,Flat,Polyester,25,83,8.4,42,4.1,8.8% @ 10 kN,,,,Discontinued,,,,,,,,,0,0,1,353,image_files/gear/353.jpg,Nir Avneyon; Sarah Gmeiner,2017-07-12T21:51:06Z,2020-04-18T23:12:45Z,https://slackdb.com/gear_details/MantraMKIII
93,Slack-Spec Tubelar,Balance Community: Slackline Outfitters,Tubelar,Nylon (Polyamide),25,40,4,20,,,,,,Active,http://www.balancecommunity.com/1-slack-spec-tubular,1.38; 1.5 (×15); 1.5 (×30); 1.48 (×50); 1.48 (×60); 1.48 (×75); 1.46 (×100); 1.47 (×120) USD,,,,,,,0,0,1,469,image_files/gear/469.jpg,Nir Avneyon,2017-07-12T21:51:06Z,,https://slackdb.com/gear_details/SlackSpecTubelar
94,"Slack-Spec 11/16""",Balance Community: Slackline Outfitters,Tubelar,Nylon (Polyamide),17.5,28,2.7,13.3,,,,,,Active,http://www.balancecommunity.com/11-16-slack-spec-tubular,1.18; 1.2 (×15); 1.2 (×30); 1.18 (×50); 1.18 (×60); 1.17 (×75) USD,,,,,,,0,0,1,468,image_files/gear/468.jpg,Nir Avneyon,2017-07-12T21:51:06Z,,https://slackdb.com/gear_details/SlackSpec1116
95,Slack-Spec Threaded Tubular,Balance Community: Slackline Outfitters,Threaded Tubular,Nylon (Polyamide),25.4,70,6.7,33.4,,11.1% @ 6.7 kN,,,,Discontinued,,,,,,,,,0,0,0,,,Nir Avneyon,2017-07-12T21:51:06Z,2020-04-18T21:25:27Z,https://slackdb.com/gear_details/SlackSpec
96,"Spider Silk 7/8""",Balance Community: Slackline Outfitters,Flat,Vectran,22.2,44,10.2,51.2,2.8,1.6% @ 10 kN,,,,Discontinued,,,,,,,,,0,0,0,,,Nir Avneyon,2017-07-12T21:51:06Z,2017-07-03T18:30:05Z,https://slackdb.com/gear_details/SpiderSilk78
97,Spider Silk MKII,Balance Community: Slackline Outfitters,Flat,Vectran,25,48,13.4,67,2.5,1.22% @ 10 kN,,,,Discontinued,http://www.balancecommunity.com/spider-silk-mkii,9.68 USD,,,,,,,0,0,0,,,Nir Avneyon; Matthieu Chivas,2017-07-12T21:51:06Z,2021-06-16T08:47:58Z,https://slackdb.com/gear_details/SpiderSilkMKII
98,Type 18 MKII,Balance Community: Slackline Outfitters,Flat,Nylon (Polyamide),25,62,7.1,35.6,3,14.8% @ 10 kN,,,,Active,http://www.balancecommunity.com/type-18-mkii,2.36; 2.4 (×15); 2.4 (×30); 2.38 (×50); 2.38 (×60); 2.37 (×75); 2.35 (×100); 2.37 (×120); 2.35 (×150); 2.27 (×200) USD,,,,,,,0,0,4,13; 14; 15; 49,image_files/gear/13.jpg,Nir Avneyon,2017-07-12T21:51:06Z,2017-07-02T12:58:54Z,https://slackdb.com/gear_details/Type18MKII
99,RAGEline,Balance Community: Slackline Outfitters,Threaded Tubular,Polyester; Nylon (Polyamide),31,104,12,42,,8.3% @ 12 kN,,,,Discontinued,http://www.balancecommunity.com/rageline,,,,,,,,0,0,0,,,Nir Avneyon,2017-07-12T21:51:06Z,,https://slackdb.com/gear_details/RAGEline
100,Aero 2,Balance Community: Slackline Outfitters,Flat,,25.4,62,6.7,33.4,3.2,13% @ 10 kN,,,2015-12-05,Active,http://www.balancecommunity.com/aero-2,2.96 (×15); 2.95 (×30); 2.91 (×50); 2.93 (×60); 2.92 (×75); 2.89 (×100); 2.92 (×120); 2.91 (×150); 2.88 (×200); 2.86 (×250); 2.9 (×300); 2.85 (×400); 2.8 (×500) USD,,,,,9,1,1,0,2,1; 2,image_files/gear/1.jpg,Nir Avneyon; Philipp Gesing,2017-07-12T21:51:06Z,2017-07-02T13:27:39Z,https://slackdb.com/gear_details/Aero2
101,CoreTek,Slackline Industries,Threaded Tubular,Polyester,25,56,5.34,27.5,2.7,2.5% @ 5.34 kN,Slackline; Highline; Longline; Rodeoline; Low Tension lines,,,Active,https://slacklineindustries.com/collections/1-inch/products/coretek,2.3 USD,,,,,,,0,0,1,76,image_files/gear/76.jpg,Nir Avneyon; Frankie Najera,2017-07-12T21:51:06Z,2018-11-15T16:57:57Z,https://slackdb.com/gear_details/Coretek
102,Sugoi,Slackline Industries,Flat,Polyester,25,62,6.67,34.32,2.5,3% @ 6.67 kN,,,,Active,https://slacklineindustries.com/collections/all-products/products/sugoi,2.3 USD,,,,,7,1,1,0,1,106,image_files/gear/106.jpg,Nir Avneyon; Grant Mercer,2017-07-12T21:51:06Z,2020-04-18T23:19:45Z,https://slackdb.com/gear_details/Sugoi
103,Great White,SlackGear,Flat,Polyester,25,62,10,32,2.6,6.5% @ 10 kN,,,,Active,http://www.slackgear.co.za/product/great-white/,14 ZAR,,,,,,,0,0,1,445,image_files/gear/445.jpg,Nir Avneyon,2017-07-12T21:51:06Z,2017-07-02T22:33:17Z,https://slackdb.com/gear_details/GreatWhite
104,Tantalus,Slacklife BC,Flat,Polyester,25.4,53,6.7,34.7,3.2,8% @ 10 kN,,,,Discontinued,,2.6 CAD,,,,,,,0,0,0,,,Nir Avneyon; Eli Szendro Brown,2017-07-12T21:51:06Z,2020-04-18T22:34:54Z,https://slackdb.com/gear_details/Tantalus
105,Sky Pilot (Green/Orange),Slacklife BC,Flat,Nylon (Polyamide),25.4,65,7.5,36.4,3,9% @ 10 kN,,,,Discontinued,,,,,,,,,0,0,0,,,Nir Avneyon,2017-07-12T21:51:06Z,2018-11-23T09:06:24Z,https://slackdb.com/gear_details/SkyPilotGreenOrange
106,HighTech,Slacklife BC,Flat,Dyneema,25.4,48,10,39.2,3,4.6% @ 10 kN,,,,Discontinued,,,,,,,,,0,0,0,,,Nir Avneyon,2017-07-12T21:51:06Z,,https://slackdb.com/gear_details/HighTech
107,Type 18 CG4,Balancing Earth Slacklines,Flat,Nylon (Polyamide),25.4,60,6,31,3,10% @ 6 kN,,,,Active,http://www.balancingearthslacklines.com/slackline_webbing_flat_nylon_type_18_cg4_slackline_p/cg4.htm,2.3 USD,,426,,,,,0,0,1,476,image_files/gear/476.jpg,Nir Avneyon,2017-07-12T21:51:06Z,2017-07-03T18:55:18Z,https://slackdb.com/gear_details/Type18CG4
108,Rasta Tubelar,Balancing Earth Slacklines,Tubelar,Nylon (Polyamide),25.4,,4,20,2.2,,,,,Active,http://www.balancingearthslacklines.com/webbing_tubular_rasta_slackline_balancing_earth_p/rtw.htm,1.38 USD,,,,,,,0,0,1,461,image_files/gear/461.jpg,Nir Avneyon,2017-07-12T21:51:06Z,2017-07-03T11:49:58Z,https://slackdb.com/gear_details/RastaTubelar
109,Chi,Middle Way Slacklines,Flat,Polyester,25.4,60,,32,2.6,5% @ 10 kN,,,2016-02-02,Active,https://www.middlewayslacklines.com,6 ILS,,,,,,,0,0,2,56; 57,image_files/gear/57.jpg,Nir Avneyon,2017-07-12T21:51:06Z,2018-11-15T16:53:52Z,https://slackdb.com/gear_details/Chi
110,Zen,Middle Way Slacklines,Flat,Polyester,25.4,62,,37,2.9,4% @ 10 kN,,,2016-02-02,Active,http://www.middlewayslacklines.com/?gclid=CNuN-J2FrssCFS8z0wodUssKNQ#!product-page/q2heq/175dcc60-c3b2-604d-301a-41aa51e3fc68,9 ILS,,,,,9,2,2,0,6,44; 45; 46; 50; 54; 55,image_files/gear/55.jpg,Nir Avneyon; Gat Haneman; Eli Szendro Brown,2017-07-12T21:51:06Z,2017-07-02T23:12:16Z,https://slackdb.com/gear_details/Zen
111,Flat,Slackline Shop NZ,Flat,Polyester,25,50,7,21,1.8,7% @ 10 kN,,,,Active,https://www.slacklineshop.co.nz/product/25mm-flat-slackline-webbing/,1.98 (×50) NZD,,,,,,,0,0,1,442,image_files/gear/442.jpg,Nir Avneyon,2017-07-12T21:51:06Z,2018-11-15T17:06:34Z,https://slackdb.com/gear_details/Flat
112,Sky Pilot (Black/White),Slacklife BC,Flat,Nylon (Polyamide),25.4,53,6.4,32,,12% @ 10 kN,,,,Active,https://www.slacklifebc.com/product/skypilot-nylon,4.2 CAD,,,,,,,0,0,2,338; 339,image_files/gear/339.jpg,Nir Avneyon,2017-07-12T21:51:06Z,2018-11-23T09:05:39Z,https://slackdb.com/gear_details/SkyPilotBlackWhite
113,Lion Line,Slacklife BC,Flat,Dyneema,25.4,35,7.12,35.6,,,,,,Active,https://www.slacklifebc.com/product/lions-line-hightech-webbing/,8.99; 6.56 (×50); 6.56 (×100); 5.96 (×150); 6.56 (×200); 6.56 (×250); 6.56 (×300); 6.56 (×400); 6.56 (×500); 6.56 (×600); 6.56 (×750); 6.56 (×1000) CAD,,,,,,,0,0,1,449,image_files/gear/449.jpg,Nir Avneyon,2017-07-12T21:51:06Z,2018-11-23T07:59:10Z,https://slackdb.com/gear_details/LionLine
114,Tube #1,Slackline Shop NZ,Tubelar,Nylon (Polyamide),25,,,18,,,,,,Active,http://www.slacklineshop.co.nz/product/25-mm-tubular-nylon-slackline-webbing-assorted-colors-order-by-the-metre/,2.7 NZD,,90,,,,,0,0,1,475,image_files/gear/475.jpg,Nir Avneyon,2017-07-12T21:51:06Z,2017-07-03T18:53:17Z,https://slackdb.com/gear_details/Tube1
115,Mirage,Absolute Slacklines,Flat,Polyester,25,65,6.2,31,3.2,6% @ 10 kN,,,,Discontinued,,2.8; 2.7 (×100); 2.7 (×125); 2.7 (×150); 2.6 (×200); 2.6 (×250); 2.5 (×300) CAD,,,,,,,0,0,1,455,image_files/gear/455.jpg,Nir Avneyon,2017-07-12T21:51:06Z,2020-04-18T21:13:42Z,https://slackdb.com/gear_details/Mirage
116,Alfa,Slacklining Canada,Flat,Polyester,25,62,6.4,32,3.1,10.5% @ 10 kN,,,,Active,http://www.slacklining.ca/shop/alfa/,2.3; 2.2 (×75); 2.2 (×100) CAD,,,,,,,0,0,1,433,image_files/gear/433.jpg,Nir Avneyon,2017-07-12T21:51:06Z,2017-07-02T15:57:06Z,https://slackdb.com/gear_details/Alfa
117,Mamba,Spider slacklines,Flat,Nylon (Polyamide),25,65,10,22,3.2,13.5% @ 10 kN,,,,Discontinued,,1.59; 1.55 (≥80); 1.52 (≥120); 1.44 (≥200); 1.33 (≥350) EUR,,,,,,,0,0,1,451,image_files/gear/451.jpg,Nir Avneyon,2017-07-12T21:51:06Z,2020-04-18T21:23:44Z,https://slackdb.com/gear_details/Mamba
118,Feather Pro,Balance Community: Slackline Outfitters,Flat,Polyester,25,51,5.4,27,2.46,10.48% @ 10 kN,,,2016-04-06,Active,http://www.balancecommunity.com/feather-pro,2.36; 2.4 (×15); 2.4 (×30); 2.36 (×50); 2.38 (×60); 2.37 (×75); 2.35 (×100); 2.37 (×120); 2.37 (×150); 2.34 (×200); 2.32 (×250); 2.33 (×300); 2.28 (×400); 2.28 (×500); 2.28 (×600); 2.27 (×750); 2.2 (×1000) USD,,,,,,,0,0,2,355; 439,image_files/gear/439.jpg,Nir Avneyon,2017-07-12T21:51:06Z,2017-07-19T07:35:55Z,https://slackdb.com/gear_details/FeatherPro
119,Cosmic,Slack Inov,Tubelar,Polyester,25,50,,31,,6.5% @ 10 kN,,,2016-08-07,Active,http://slack-inov.com/gb/webbing/69-cosmic,1.6 EUR,,,,,9,1,1,0,1,132,image_files/gear/132.jpg,Nir Avneyon; Philipp Gesing,2017-07-12T21:51:06Z,2017-07-02T21:32:41Z,https://slackdb.com/gear_details/Cosmic
120,Flamme III,Slack Inov,Flat,Polyester,25,76,,40,,5.4% @ 10 kN,,,,Discontinued,,1 EUR,,,,,,,0,0,2,40; 41,image_files/gear/40.jpg,Nir Avneyon,2017-07-12T21:51:06Z,2018-11-15T17:01:47Z,https://slackdb.com/gear_details/FlammeIII
121,Abysses,Slack Inov,Flat,Nylon (Polyamide),25,63,,32,,11% @ 10 kN,,,,Discontinued,,2.3 EUR,,,,,,,0,0,2,42; 43,image_files/gear/42.jpg,Nir Avneyon,2017-07-12T21:51:06Z,2020-04-18T19:33:38Z,https://slackdb.com/gear_details/Abysses
122,EDGE,Spider slacklines,Flat,Polyester,25.4,62,12,35,2.7,4% @ 10 kN,,,,Active,http://spider-slacklines.com/shop/en/longline-webbings/74-edge-line.html,1.48 EUR,,,,,,,0,0,2,6; 7,image_files/gear/6.jpg,Nir Avneyon,2017-07-12T21:51:06Z,2020-11-29T18:59:27Z,https://slackdb.com/gear_details/EDGE
123,JUMBO,Spider slacklines,Tubelar,Polyester,25.4,83,12,35,4,7% @ 10 kN,,,,Active,http://spider-slacklines.com/shop/en/longline-webbings/73-jumbo-line.html,1.89; 1.81 (≥80); 1.73 (≥120); 1.64 (≥200); 1.54 (≥350) EUR,,,,,,,0,0,1,446,image_files/gear/446.jpg,Nir Avneyon,2017-07-12T21:51:06Z,2017-07-02T22:39:11Z,https://slackdb.com/gear_details/JUMBO
124,Verve 25mm,Landcruising,Flat,Polyester,25.4,59,6,32,2.5,11% @ 10 kN,,,,Active,https://aki-slacklines.de/en/webbing/polyester/11/landcruising-verve-25-mm-slackline-30m?c=6,1.33 (×30) EUR,,30,30,,,,0,0,1,166,image_files/gear/166.jpg,Nir Avneyon,2017-07-12T21:51:06Z,2019-04-16T17:55:21Z,https://slackdb.com/gear_details/Verve25mm
125,Wave Tube  32,Landcruising,Tubelar,Polyester,25.4,58,6,27,2.3,16% @ 10 kN,,,,Discontinued,,1.95 EUR,,,,,,,0,0,1,140,image_files/gear/140.jpg,Nir Avneyon,2017-07-12T21:51:06Z,2020-04-18T18:52:24Z,https://slackdb.com/gear_details/WaveTube32
126,Morpheus,Slack Mountain,Core/Sheath,Polyester,25,57,8.33,25,2.1,6.4% @ 10 kN,Slackline; Highline; Longline; Rodeoline; Low Tension lines,,,Discontinued,,1.49 EUR,,,,,,,0,0,1,121,image_files/gear/121.jpg,Nir Avneyon; Romain Schempf,2017-07-12T21:51:06Z,2020-04-18T23:12:20Z,https://slackdb.com/gear_details/Morpheus
127,#FFF,Raed Slacklines,Flat,Polyester,25,61,,34,,6% @ 11 kN,Slackline; Highline; Longline; Rodeoline; Low Tension lines,,,Discontinued,,0.89; 0.85 (≥50); 0.79 (≥100) EUR,,,,,,,0,0,1,101,image_files/gear/101.jpg,Nir Avneyon; Jenrond Poner,2017-07-12T21:51:06Z,2018-11-15T16:40:28Z,https://slackdb.com/gear_details/FFF
128,Spectre,Slack Mountain,Core/Sheath,Nylon (Polyamide),25,70,10,30,3,13.5% @ 10 kN,Slackline; Highline; Longline; Rodeoline; Low Tension lines,,2017-02-07,Active,http://slack-mountain.com/en/webbing-slackline/168-spectre.html,1.66 EUR,,,,,10,1,1,0,1,124,image_files/gear/124.jpg,Nir Avneyon; Romain Schempf; Johanna Glasse,2017-07-12T21:51:06Z,2017-08-16T22:08:15Z,https://slackdb.com/gear_details/Spectre
129,McFly,Slack.fr,Flat,Nylon (Polyamide),25,65,10.3,31,3,12.5% @ 10 kN,,,,Discontinued,,2.29; 2.25 (≥100); 2.2 (≥150); 2.15 (≥200); 2.1 (≥300) EUR,,,,,8,2,2,0,2,172; 173,image_files/gear/173.jpg,Nir Avneyon; Ilia Oshmiansky; Eli Szendro Brown,2017-07-12T21:51:06Z,2020-04-19T09:56:01Z,https://slackdb.com/gear_details/McFly
130,SlackPro 42kN,Slack Pro!,Flat,Polyester,25,72,,42,2.7,3.5% @ 10 kN,,,,Discontinued,http://www.slackpro.de/en/products/2542slackline.shtml,,,,,,,,0,0,1,470,image_files/gear/470.jpg,Nir Avneyon; Thomas Buckingham,2017-07-12T21:51:06Z,2020-09-22T10:20:43Z,https://slackdb.com/gear_details/SlackPro42kN
131,Neon Light,Slack Pro!,Flat,Polyester,25,57,,33,2.4,3.8% @ 10 kN,,,,Discontinued,,,,,,,,,0,0,1,264,,Nir Avneyon,2017-07-12T21:51:06Z,2020-04-20T10:22:28Z,https://slackdb.com/gear_details/SlackProNeonLight
132,Reggae,Slack.fr,Tubelar,Polyester,25,54,7,21,2,10% @ 10 kN,,,,Active,https://laboutique.slack.fr/en/tubular-webbing/143-reggae-tubular.html,2.24 (×25); 2.25 (×35); 2.18 (×50); 1.99 (×100) EUR,,,,,8,2,2,0,1,64,image_files/gear/64.jpg,Nir Avneyon; Grant Mercer; Benoit Crera,2017-07-12T21:51:06Z,2017-07-03T11:58:34Z,https://slackdb.com/gear_details/Reggae
133,RVD,Slack.fr,Tubelar,Polyester,25,48,7,21,2,10% @ 10 kN,,,,Active,https://laboutique.slack.fr/en/tubular-webbing/146-rvd-tubular.html,2.24 (×25); 2.18 (×50); 1.99 (×100) EUR,,,,,,,0,0,1,462,image_files/gear/462.jpg,Nir Avneyon; Matthieu Chivas,2017-07-12T21:51:06Z,2021-04-05T19:04:16Z,https://slackdb.com/gear_details/RVD
134,Parsec,Raed Slacklines,Flat,Polyester,25,59,,35,,4% @ 11.5 kN,,,,Active,https://raed-slacklines.com/parsec-longline-webbing,0.99; 0.95 (≥150); 0.92 (≥250); 0.89 (≥400) EUR,,,,,,,0,0,2,102; 103,image_files/gear/103.jpg,Nir Avneyon,2017-07-12T21:51:06Z,2017-07-03T11:31:41Z,https://slackdb.com/gear_details/Parsec
135,MOTM,Raed Slacklines,Tubelar,Nylon (Polyamide),25,56,,27,,14% @ 9 kN,Slackline; Highline; Longline; Low Tension lines,,,Active,https://raed-slacklines.com/motm-tubular-nylon-slackline-webbing,1.49; 1.47 (≥50); 1.45 (≥100) EUR,,,,,,,0,0,2,83; 84,image_files/gear/84.jpg,Nir Avneyon; Stephan Chalkowski,2017-07-12T21:51:06Z,2017-08-02T10:42:44Z,https://slackdb.com/gear_details/MOTM
136,Half-Marathon,Slacktivity,Core/Sheath,Polyester,20,48.5,,28,,4.5% @ 10 kN,,,,Active,https://www.slacktivity.com/halfmarathon-50m-500m,1.8 (×50); 1.78 (×100); 1.8 (×150); 1.8 (×200); 1.8 (×250); 1.8 (×300) EUR,,,,,,,0,0,1,131,image_files/gear/131.jpg,Nir Avneyon; Eli Szendro Brown,2017-07-12T21:51:06Z,2020-04-18T21:09:06Z,https://slackdb.com/gear_details/HalfMarathon
137,Marathon Play,Slacktivity,Core/Sheath,Polyester,25,65,,37,,7% @ 10 kN,,,,Discontinued,,1.9 (×50); 1.87 (×80); 1.8 (×100); 1.8 (×150); 1.8 (×200) EUR,,,,,,,0,0,1,454,image_files/gear/454.jpg,Nir Avneyon; Eli Szendro Brown,2017-07-12T21:51:06Z,2020-04-18T20:57:03Z,https://slackdb.com/gear_details/MarathonPlay
138,Low stretch Webbing,Slacktivity,Flat,Polyester,37,64,,,,3% @ 10 kN,,,,Discontinued,,2.79 (×75); 2.69 (×100) EUR,,,,,,,0,0,1,450,image_files/gear/450.jpg,Nir Avneyon,2017-07-12T21:51:06Z,2020-04-18T20:29:35Z,https://slackdb.com/gear_details/LowstretchWebbing
139,Unicorn,Aki Slacklines,Core/Sheath,Polyester,25,61.5,,32,2.7,9% @ 10 kN,,,2017-03-13,Discontinued,,1.79 EUR,,,,,,,0,0,4,37; 38; 39; 48,image_files/gear/37.jpg,Nir Avneyon; Romain Schempf,2017-07-12T21:51:06Z,2020-04-19T09:25:17Z,https://slackdb.com/gear_details/Unicorn
140,Skye,Equilibrium Slacklines (EQB),Flat,Polyester,25,62,12,31,2.6,4% @ 10 kN,,,2017-04-13,Active,https://www.slackshop.cz/en/webbing/78-eqb-skye.html,45 CZK,,,,,,,0,0,1,145,image_files/gear/145.jpg,Nir Avneyon,2017-07-12T21:51:06Z,2017-12-27T19:27:41Z,https://slackdb.com/gear_details/Skye
141,Fresh,Equilibrium Slacklines (EQB),Flat,Nylon (Polyamide),25,67,10,32,4,11% @ 10 kN,,,2017-05-31,Active,https://www.slackshop.cz/en/webbing/76-157-eqb-fresh.html,42 CZK,,,,,,,0,0,2,144; 402,image_files/gear/144.jpg,Nir Avneyon,2017-07-12T21:51:06Z,2017-12-27T19:28:48Z,https://slackdb.com/gear_details/Fresh
3010,SuperMOTM,Raed Slacklines,Threaded Tubular,Nylon (Polyamide),25,77,,36,,14% @ 12 kN,Slackline; Highline; Longline; Rodeoline; Low Tension lines; Trickline,,,Discontinued,,3.29 EUR,,,,,,,0,0,2,104; 105,image_files/gear/105.jpg,Nir Avneyon,2017-07-12T21:51:06Z,2020-04-19T10:06:36Z,https://slackdb.com/gear_details/supermotm
3013,Storm,Slack Mountain,Flat,Polyester,50,80,7.5,30,1.7,3.2% @ 10 kN,Trickline,,,Discontinued,,2.2 (×15); 2.2 (×20); 2.2 (×25); 2.2 (×30); 2.2 (×40); 2.2 (×50) EUR,,,,,,,0,0,1,125,image_files/gear/125.jpg,Nir Avneyon; Romain Schempf,2017-07-12T21:51:06Z,2020-04-18T22:57:00Z,https://slackdb.com/gear_details/storm
3016,Plasma,Slack Inov,Flat,Polyester,25,73,,40,,6.2% @ 10 kN,,,,Active,http://slack-inov.com/gb/webbing/92-flamme3-webbing,1.2 EUR,,,,,,,0,0,2,366; 367,image_files/gear/367.jpg,Nir Avneyon,2017-07-28T21:45:38Z,,https://slackdb.com/gear_details/plasma
3020,Rubalise,Slack Mountain,Flat,Polyester,50,80,10,30,1.7,3.4% @ 10 kN,Trickline,,,Discontinued,,1.39 (×15); 1.5 (×20); 1.56 (×25); 1.61 (×30); 1.66 (×40) EUR,,,,,,,0,0,1,129,image_files/gear/129.jpg,Romain Schempf; Nir Avneyon,2017-08-04T09:43:17Z,2020-04-18T22:55:23Z,https://slackdb.com/gear_details/rubalise
3025,Mammut,Mammut,Core/Sheath,Polyester,25.8,76.8,,25,4.2,9.5% @ 10 kN,Slackline; Low Tension lines,,,Discontinued,,,,,,,,,0,0,2,175; 176,image_files/gear/176.jpg,Helmut Netzwerker,2017-08-21T11:50:36Z,,https://slackdb.com/gear_details/mammut
3026,PinkTube,Slacktivity,Tubelar,Nylon (Polyamide),25.5,48,,23.6,,18% @ 10 kN,,,2017-08-21,Active,https://www.slacktivity.com/pinktube-25m-200m,1.83 (×30); 1.8 (×100); 1.8 (×200) EUR,,,,,,,0,0,4,206; 211; 212; 213,image_files/gear/213.jpg,Nir Avneyon,2017-08-22T14:38:30Z,2020-04-18T21:01:25Z,https://slackdb.com/gear_details/pinktube
3027,Helium,Raed Slacklines,Flat,Vectran; Polyester,25,38,,24,,3.75% @ 10 kN,Rodeoline; Low Tension lines,,,Active,https://raed-slacklines.com/helium-lightweight-polyester-slackline-webbing,0.69; 0.66 (≥150); 0.63 (≥300) EUR,,,,,,,0,0,5,238; 239; 263; 331; 332,image_files/gear/332.jpg,Nir Avneyon; Alexander Balaganov,2017-09-03T07:34:02Z,2021-09-08T08:38:45Z,https://slackdb.com/gear_details/helium
3042,Lift,Balance Community: Slackline Outfitters,Flat,Nylon (Polyamide),25,58,5.6,28,3.18,17.4% @ 10 kN,Slackline; Highline; Rodeoline; Low Tension lines; Trickline,,2017-10-04,Discontinued,http://www.balancecommunity.com/lift,2.46; 2.5 (×15); 2.5 (×30); 2.46 (×50); 2.47 (×60); 2.45 (×75); 2.42 (×100); 2.43 (×120); 2.43 (×150); 2.4 (×200); 2.38 (×250); 2.42 (×300); 2.37 (×400); 2.37 (×500) USD,,,,,,,0,0,1,805,image_files/gear/805.jpg,Nir Avneyon; Matthieu Chivas,2017-10-05T19:46:46Z,2021-06-16T08:45:37Z,https://slackdb.com/gear_details/lift
3043,Firefly (phosphorescent),Slack Mountain,Core/Sheath,Polyester; Polypropylene,25,60,10,30,2,7.8% @ 10 kN,Slackline; Highline; Longline; Rodeoline; Low Tension lines,,2017-11-14,Active,https://slack-mountain.com/fr/sangle-hybride/185-firefly.html,1.79 EUR,,,,,,,0,0,1,230,image_files/gear/230.jpg,Romain Schempf; Nir Avneyon,2017-11-15T18:59:25Z,2017-12-17T18:51:35Z,https://slackdb.com/gear_details/firefly
3044,French Line,Slack Mountain,Core/Sheath,Polyester,25,52,10,30,2,8% @ 10 kN,Slackline; Highline; Longline; Rodeoline; Low Tension lines,,2017-12-10,Active,https://slack-mountain.com/fr/sangles-slackline/189-french-line.html,1.34 EUR,,,,,,,0,0,1,249,image_files/gear/249.jpg,Romain Schempf,2017-12-17T18:40:57Z,,https://slackdb.com/gear_details/french_line
3045,Pop-Art,Slack Mountain,Flat,Polyester,50,71,15,30,1.8,,Trickline,,2017-12-16,Active,https://slack-mountain.com/fr/jumplines/191-pop-art.html,2.4 EUR,,,,,,,0,0,1,252,image_files/gear/252.jpg,Romain Schempf,2017-12-17T18:42:41Z,,https://slackdb.com/gear_details/pop-art
3048,Project 44,Slack Mountain,Threaded Tubular,Polyester,25,54,7,25,1.8,9.2% @ 10 kN,Slackline; Highline; Longline; Rodeoline; Low Tension lines,,2018-02-22,Active,https://slack-mountain.com/fr/sangles-slackline/194-project-44.html,1.65 EUR,,,,,10,1,1,0,1,306,image_files/gear/306.jpg,Romain Schempf; Johanna Glasse,2018-02-23T16:20:10Z,,https://slackdb.com/gear_details/project_44
3049,Wizard,Landcruising,Core/Sheath,Polyester,25,55,6.6,33,2.5,4.5% @ 10 kN,,,2018-02-18,Discontinued,,1.79 EUR,,,,,,,0,0,0,,,Nir Avneyon,2018-02-26T10:07:54Z,2018-09-10T15:28:14Z,https://slackdb.com/gear_details/wizard
3050,Aloha (Aka Aki Tidal),Landcruising,Flat,Polyester,25,48,4,20,2,9% @ 10 kN,,,2017-11-19,Active,https://aki-slacklines.de/en/webbing/polyester/99/aki-tidal-webbing?c=6,1.19 EUR,,,,,,,0,0,5,264; 265; 266; 267; 762,image_files/gear/762.jpg,Nir Avneyon,2018-02-26T10:11:07Z,2019-04-16T17:56:18Z,https://slackdb.com/gear_details/aloha
3052,Panda,Slackline Industries,Flat,Polyester; Dyneema,25,34.3,6.4,32,2.1,3% @ 6.4 kN,,,2017-05-02,Active,https://slacklineindustries.com/collections/1-inch/products/panda,4.59 USD,,,,,,,0,0,1,460,image_files/gear/460.jpg,Nir Avneyon,2018-07-03T16:16:41Z,,https://slackdb.com/gear_details/panda
3053,Joker,Slack Inov,Flat,Nylon (Polyamide); Polyester,25.4,54,,27,,9% @ 10 kN,,,2018-08-10,Active,http://slack-inov.com/gb/webbing/110-joker-sold-by-meter,1.99 EUR,,,,,,,0,0,2,364; 365,image_files/gear/365.jpg,Nir Avneyon,2018-08-16T21:11:42Z,,https://slackdb.com/gear_details/joker
3055,Y2K,Slacktivity,Flat,Polyester; Dyneema,25.4,33.1,,34,,1% @ 10 kN,Highline,,2018-08-20,Active,https://www.slacktivity.com/y2k,4.6 (×50) EUR,,,,,,,0,0,2,287; 288,image_files/gear/287.jpg,Nir Avneyon,2018-09-26T21:37:15Z,,https://slackdb.com/gear_details/y2k
3062,Rainbow,Raed Slacklines,Core/Sheath,Polyester,25.4,62,,36,,7% @ 10 kN,,,2018-10-09,Active,https://raed-slacklines.com/rainbow-polyester-highline-webbing,1.65; 1.62 (≥150); 1.59 (≥250); 1.56 (≥400) EUR,,,,,,,0,0,3,301; 798; 799,image_files/gear/301.jpg,Nir Avneyon,2018-10-11T17:01:21Z,,https://slackdb.com/gear_details/rainbow
3063,Y.a.w,Slackliner.de,Flat,Polyester,25,38,,24,,3% @ 8 kN,Rodeoline; Low Tension lines,,2018-11-04,Active,https://www.slackliner.de/Webbing/Flat-Webbing/yaw.html?language=en,0.59 EUR,,,,,,,0,0,1,477,image_files/gear/477.jpg,Nir Avneyon,2018-11-06T09:37:12Z,,https://slackdb.com/gear_details/yaw
3066,NyLove,Spider slacklines,Tubelar,Nylon (Polyamide),25,62,,31,3.4,12.5% @ 10 kN,,,,Active,https://spider-slacklines.com/shop/en/longline-webbings/245-nylove-longline-price-per-meter.html,1.6; 1.56 (≥80); 1.53 (≥120); 1.45 (≥200); 1.34 (≥350) EUR,,,,,,,0,0,1,459,image_files/gear/459.jpg,Nir Avneyon,2018-11-13T20:41:18Z,,https://slackdb.com/gear_details/nylove
3068,Coelum,Petram Slacklines,Flat,Polyester,25,61.5,6,31,2.7,10% @ 10 kN,Slackline; Highline; Longline; Rodeoline; Low Tension lines,,2018-10-09,Active,https://petramslacklines.site123.me/shop-1/coelum-webbing-1,1.65 EUR,,,,,,,0,0,4,302; 320; 321; 403,image_files/gear/321.jpg,Nir Avneyon; Kuba Bałdych,2018-11-13T22:34:38Z,2020-04-18T18:20:46Z,https://slackdb.com/gear_details/coelum
3072,Skyway,Slack Mountain,Core/Sheath,Polyester,25,56.2,7,27,2.3,11% @ 10 kN,Slackline; Highline; Longline; Rodeoline; Low Tension lines,,2018-11-14,Active,https://slack-mountain.com/en/webbing-slackline/213-skyway.html,1.53 EUR,,,,,,,0,0,1,303,image_files/gear/303.jpg,Nir Avneyon; Thomas Buckingham,2018-11-19T13:42:23Z,2020-09-22T10:16:05Z,https://slackdb.com/gear_details/skyway
3073,Totally Tubular,Slacklife BC,Tubelar,Nylon (Polyamide),25,40,,17.7,,,,,,Active,https://www.slacklifebc.com/product/totally-tubular/,1.55 CAD,,,,,,,0,0,1,474,image_files/gear/474.jpg,Nir Avneyon,2018-11-23T09:10:31Z,,https://slackdb.com/gear_details/totally_tubular
3074,FIREFOX,Slack Mountain,Tubelar,Nylon (Polyamide),25,52,8,26,2,17% @ 10 kN,Slackline; Highline; Longline; Rodeoline; Low Tension lines,,2018-11-30,Active,https://slack-mountain.com/fr/sangles-slackline/214-firefox.html,1.5 EUR,,,,,,,0,0,1,440,image_files/gear/440.jpg,Romain Schempf,2018-12-24T10:21:16Z,2019-03-31T17:56:53Z,https://slackdb.com/gear_details/firefox
3075,Spice,Slack Mountain,Flat,Polyester,25,62,10,30,2.5,3.9% @ 10 kN,Slackline; Highline; Longline; Rodeoline; Low Tension lines; Soft Release,,2018-10-31,Discontinued,,1.1 EUR,,,,,,,0,0,0,,,Romain Schempf; Nir Avneyon,2018-12-24T10:25:59Z,2020-04-18T18:20:03Z,https://slackdb.com/gear_details/spice
3076,Orange,Souz Slackline,Flat,Polyester,25.4,62,7,32,,4% @ 10 kN,,,,Active,https://souzslackline.com/product/violet,47.53 RUB,,,,,,,0,0,2,316; 318,image_files/gear/318.jpg,Nir Avneyon,2019-02-24T21:21:18Z,,https://slackdb.com/gear_details/orange
3077,S.O.S - Sunset Over Seas,Slack Mountain,Core/Sheath,Polyester; Dyneema,22,33.6,,32,2.14,3.4% @ 10 kN,,,2019-04-01,Active,https://slack-mountain.com/en/hybrid-webbing/221-cloud.html#/242-swen_loop-with/65-longueur-55_m,3.2 EUR,,,,,,,0,0,2,323; 324,image_files/gear/324.jpg,Nir Avneyon,2019-04-02T17:33:36Z,2020-04-19T10:14:18Z,https://slackdb.com/gear_details/sos_-sunsetoverseas
3078,Raven,Balanceur,Flat,Polyester,25,45,,16,2,9.73% @ 10 kN,Rodeoline; Low Tension lines; Soft Release,,,Active,https://www.balanceur.ro/slackshop/benzi/pana-corbului/,0.85 (×30); 0.8 (≥50); 0.75 (≥100) EUR,,,,,,,0,0,1,330,image_files/gear/330.jpg,Paul Ionut Anton; Nir Avneyon,2019-04-12T04:42:33Z,2019-07-14T22:22:53Z,https://slackdb.com/gear_details/balanceur_raven
3083,Milky Way,Balanceur,Flat,Polyester,25,63,,32,,5.73% @ 10 kN,,,2019-07-09,Active,https://www.balanceur.ro/slackshop/benzi/milky-way/,0.99 (×10); 0.99 (×50); 0.99 (×100); 0.99 (×200); 0.99 (×300); 0.99 (×400) EUR,,,,,,,0,0,2,336; 337,image_files/gear/337.jpg,Nir Avneyon; Paul Ionut Anton,2019-07-14T22:30:07Z,2019-09-29T18:44:51Z,https://slackdb.com/gear_details/milky_way
3086,Cumulus,Raed Slacklines,Flat,Nylon (Polyamide),25,66,,35,,8% @ 5 kN,Highline; Low Tension lines,,2019-07-23,Active,https://raed-slacklines.com/cumulus-nylon-highline-webbing,1.99 EUR,,,,,,,0,0,1,345,image_files/gear/345.jpg,Kamil Dudek,2019-08-15T17:55:32Z,,https://slackdb.com/gear_details/cumulus
3087,Blue,Balance Community: Slackline Outfitters,Flat,Polyester,25.4,55,5.6,28,2.46,3% @ 10 kN,Highline; Longline; Low Tension lines,,2019-09-08,Active,https://www.balancecommunity.com/products/blue,2 USD,,,,,,,0,0,4,349; 350; 351; 352,image_files/gear/352.jpg,Nir Avneyon; Gernot Mueller,2019-09-13T12:36:04Z,2020-05-09T07:13:08Z,https://slackdb.com/gear_details/blue
3088,Green,Balance Community: Slackline Outfitters,Flat,Nylon (Polyamide),25.4,53,5.4,27,2.46,11.72% @ 10 kN,,,2019-09-08,Active,https://www.balancecommunity.com/products/green,2.3 USD,,,,,,,0,0,3,346; 347; 348,image_files/gear/348.jpg,Nir Avneyon,2019-09-13T12:38:09Z,2020-04-20T16:49:53Z,https://slackdb.com/gear_details/green
3090,Polar,Aki Slacklines,Core/Sheath,Polyester,25.4,56,,28,2.4,8.5% @ 10 kN,,,2020-02-25,Discontinued,https://aki-slacklines.de/en/detail/index/sArticle/162,1.89 EUR,,,,,,,0,0,6,358; 359; 360; 361; 362; 363,image_files/gear/363.jpg,Nir Avneyon; Tantea Nia Seltsam,2020-02-26T17:08:58Z,2024-02-11T22:41:18Z,https://slackdb.com/gear_details/polar
3091,Nova,Slack Inov,Flat,Nylon (Polyamide),25.4,56,,27,,23.1% @ 10 kN,,,,Active,https://slack-inov.com/gb/longline/145-nova,2.7 EUR,,,,,,,0,0,2,370; 371,image_files/gear/371.jpg,Nir Avneyon,2020-03-02T00:23:36Z,,https://slackdb.com/gear_details/nova
3092,Donkey,Slack Inov,Flat,Nylon (Polyamide),25.4,66,,32,,11.5% @ 10 kN,,,,Active,https://slack-inov.com/gb/longline/144-donkey,2.9 EUR,,,,,,,0,0,2,368; 369,image_files/gear/369.jpg,Nir Avneyon,2020-03-02T00:25:04Z,,https://slackdb.com/gear_details/donkey
3093,Jybn,Balance Community: Slackline Outfitters,Flat,Nylon (Polyamide),25.4,51,5.2,26,2.5,19.6% @ 10 kN,,,2020-03-03,Active,https://www.balancecommunity.com/products/jybn,1.8 USD,,,,,,,0,0,1,372,image_files/gear/372.jpg,Nir Avneyon,2020-03-04T18:04:37Z,,https://slackdb.com/gear_details/jybn
3103,SuperTape 19mm,Edelrid,Flat,Nylon (Polyamide),18,35,,15,,,,,,Active,https://www.edelrid.de/en/sports/flat-webbings1/flachband-supertape-19mm.html,,,,,,,,0,0,1,391,image_files/gear/391.jpg,Nir Avneyon,2020-04-16T11:57:05Z,,https://slackdb.com/gear_details/supertape_19mm
3104,X-Tuble 16mm,Edelrid,Tubelar,Nylon (Polyamide),16,34,,15,,,,,,Active,https://www.edelrid.de/en/sports/tubular-webbings/x-tube-16mm.html,,,,,,,,0,0,1,389,image_files/gear/389.jpg,Nir Avneyon,2020-04-16T11:58:08Z,,https://slackdb.com/gear_details/x-tuble_16mm
3105,X-Tube 25mm,Edelrid,Tubelar,Nylon (Polyamide),25,43,,20,,15.5% @ 8 kN,,,,Active,https://www.edelrid.de/en/sports/tubular-webbings/x-tube-25mm.html,,,,,,,,0,0,1,390,image_files/gear/390.jpg,Nir Avneyon,2020-04-16T12:00:05Z,,https://slackdb.com/gear_details/x-tube_25mm
3110,Abysses Bounce,Slack Inov,Flat,Nylon (Polyamide),25,63,,32,,15.2% @ 10 kN,,,,Active,https://slack-inov.com/gb/longline/106-abysses-bounce-sold-by-meter,2.6 EUR,,,,,,,0,0,3,396; 397; 398,image_files/gear/398.jpg,Nir Avneyon,2020-04-18T19:35:23Z,,https://slackdb.com/gear_details/abysses_bounce
3114,Photon,Slack Mountain,Flat,Polyester,25,50,5,29,,4.1% @ 10 kN,,,,Active,https://slack-mountain.com/en/webbing-slackline/233-photon.html,0.96; 0.9 (≥500) EUR,,,,,,,0,0,1,404,image_files/gear/404.jpg,Nir Avneyon,2020-04-18T23:01:20Z,,https://slackdb.com/gear_details/photon
3115,Rubber Band PUR,Slack house,Flat,Nylon (Polyamide),25,60,7,30,3.35,14% @ 10 kN,,,,Active,https://slackhouseshop.pl/produkt/rubber-band-pur/,4.47; 4.41 (×70) PLN,,,,,,,0,0,1,408,image_files/gear/408.jpg,Nir Avneyon,2020-04-19T09:38:22Z,,https://slackdb.com/gear_details/rubber_bandpur
3116,Levitation,Slack house,Flat,Polyester,25,48,5,22,2,7% @ 10 kN,,,,Active,https://slackhouseshop.pl/en/produkt/levitation/,2.93; 2.89 (×50); 2.87 (×75); 2.85 (×100); 2.83 (×125); 2.8 (×150); 2.76 (×200); 2.72 (×250); 2.68 (×300); 2.6 (×400); 2.52 (×500) PLN,,,,,,,0,0,1,407,image_files/gear/407.jpg,Nir Avneyon,2020-04-19T09:46:39Z,,https://slackdb.com/gear_details/levitation
3119,MOTM light,Raed Slacklines,Tubelar,Nylon (Polyamide),19,33,,,,,,,,Active,https://raed-slacklines.com/motm-light,1.49 EUR,,,,,,,0,0,1,409,image_files/gear/409.jpg,Nir Avneyon,2020-04-19T10:09:08Z,,https://slackdb.com/gear_details/motm_light
3121,Ocean,Equilibrium Slacklines (EQB),Flat,Nylon (Polyamide),25,53,6,27,2.8,12% @ 10 kN,,,2020-05-20,Active,https://www.slackshop.cz/en/webbing/176-eqb-ocean.html,1.74 EUR,,,,,,,0,0,2,421; 422,image_files/gear/422.jpg,Nir Avneyon,2020-05-21T20:54:58Z,,https://slackdb.com/gear_details/ocean
3122,Skye2,Equilibrium Slacklines (EQB),Flat,Polyester,25,59,10,31,2.4,4% @ 10 kN,,,2020-05-20,Active,https://www.slackshop.cz/en/webbing/175-eqb-skye2.html,1.84 EUR,,,,,,,0,0,2,423; 424,image_files/gear/424.jpg,Nir Avneyon,2020-05-21T20:56:46Z,,https://slackdb.com/gear_details/skye2
3123,LSDTube,Slacktivity,Tubelar,Nylon (Polyamide),25.5,49.5,,25,,18% @ 10 kN,,,2020-08-09,Active,https://www.slacktivity.com/lsdtube,2.65 (×30); 2.5 (×80) EUR,,,,,,,0,0,2,429; 430,image_files/gear/430.jpg,Nir Avneyon,2020-08-12T13:03:07Z,,https://slackdb.com/gear_details/lsdtube
3124,Spider Silk MK3,Balance Community: Slackline Outfitters,Flat,Dyneema,20,31,7.6,38,3,1.8% @ 6 kN,,,2020-06-16,Active,https://www.balancecommunity.com/products/spider-silk-mk3,4.17 (×60); 4.16 (×120) USD,,,,,,,0,0,1,471,image_files/gear/471.jpg,Nir Avneyon,2020-08-12T20:34:49Z,,https://slackdb.com/gear_details/spider_silkmk3
3126,Dyneemite,Raed Slacklines,Flat,Polyester; Dyneema,25,22,,30,,1% @ 5 kN,,,2020-08-29,Active,https://raed-slacklines.com/dyneemite-ultralight-highline-project-webbing,2.99 EUR,,,,,,,0,0,1,431,image_files/gear/431.jpg,Nir Avneyon,2020-08-30T15:38:47Z,,https://slackdb.com/gear_details/dyneemite
3127,Aurora,Raed Slacklines,Core/Sheath,Polyester,25.4,61,,31,,4% @ 5 kN,,,2020-10-08,Active,https://raed-slacklines.com/aurora-polyester-highline-webbing,1.99 EUR,,,,,,,0,0,1,480,image_files/gear/480.jpg,Nir Avneyon,2020-10-12T19:08:51Z,2020-10-12T19:09:20Z,https://slackdb.com/gear_details/aurora
3128,ReBL,Slackliner.de,Flat,Polyester,25,56,,36,2.6,,Slackline; Highline; Longline,,2020-10-23,Active,https://www.slackliner.de/en/Sigma-ReBL.html,1.05 EUR,,,,,,,0,0,1,483,image_files/gear/483.jpg,Michael Weiß; Thomas Buckingham,2020-10-28T07:10:08Z,2021-04-02T09:22:27Z,https://slackdb.com/gear_details/rebl
3129,Zen 2,Middle Way Slacklines,Flat,Polyester,25.4,64,,32,,9% @ 10 kN,,,2020-10-31,Pre Order,https://middlewayslacklines.com/product/zen25mm/,6.9 ILS,,,,,,,0,0,1,481,image_files/gear/481.jpg,Nir Avneyon,2020-11-02T11:35:27Z,,https://slackdb.com/gear_details/zen_2
3130,Lift 2be,Balance Community: Slackline Outfitters,Tubelar,Nylon (Polyamide),25.4,48,4.3,21.5,3.2,16.9% @ 10 kN,,,2020-08-07,Active,https://www.balancecommunity.com/products/lift-2be,2.25 USD,,,,,,,0,0,1,482,image_files/gear/482.jpg,Nir Avneyon,2020-11-02T11:47:08Z,,https://slackdb.com/gear_details/lift_2be
3131,Candy,Equilibrium Slacklines (EQB),Flat,Polyester,25,61,,36,2.6,3% @ 10 kN,,,2020-11-02,Active,https://www.slackshop.cz/en/polyester/195-eqb-candy.html,1.61 EUR,,,,,,,0,0,3,484; 485; 486,image_files/gear/486.jpg,Nir Avneyon,2020-11-04T18:08:01Z,,https://slackdb.com/gear_details/candy
3136,Eclipse,Raed Slacklines,Flat,Polyester,25,30,,16,1.5,5% @ 5 kN,,,2021-03-29,Active,https://raed-slacklines.com/eclipse-lightweight-polyester-webbing,0.69 EUR,,,,,,,0,0,1,793,image_files/gear/793.jpg,Nir Avneyon,2021-03-30T17:39:51Z,,https://slackdb.com/gear_details/eclipse
3137,Jelly,Balance Community: Slackline Outfitters,Tubelar,Polyester,25.4,45,4,20,2.3,7.01% @ 10 kN,,,2021-03-22,Pre Order,https://www.balancecommunity.com/products/jelly-webbing,2 USD,,,,,,,0,0,2,537; 538,image_files/gear/538.jpg,Nir Avneyon,2021-03-30T17:44:23Z,,https://slackdb.com/gear_details/jelly
3138,Blue 20,Balance Community: Slackline Outfitters,Flat,Polyester,20,53,5,25,3,7.51% @ 10 kN,,,2021-02-25,Pre Order,https://www.balancecommunity.com/collections/20mm-webbing/products/blue-20,2 USD,,,,,,,0,0,1,536,image_files/gear/536.jpg,Nir Avneyon,2021-03-30T17:49:21Z,,https://slackdb.com/gear_details/blue_20
3139,Green 20,Balance Community: Slackline Outfitters,Flat,Nylon (Polyamide),20,53,5,25,3.38,11.72% @ 10 kN,,,2021-02-25,Pre Order,https://www.balancecommunity.com/collections/20mm-webbing/products/green-20?variant,2.45 USD,,,,,,,0,0,1,535,image_files/gear/535.jpg,Nir Avneyon,2021-03-30T18:03:26Z,,https://slackdb.com/gear_details/green_20
3145,Green Magic,Acrobat Slackline,Flat,Polyester,25,60,,30,2.2,6% @ 10 kN,,,,Active,https://www.acrobatslackline.com/slackline1inch-1,6 ILS,,,,,,,0,0,1,545,image_files/gear/545.jpg,Nir Avneyon,2021-03-30T21:04:31Z,,https://slackdb.com/gear_details/green_magic
3147,Purple Gold,Aki Slacklines,Tubelar,Nylon (Polyamide),25,65.5,6,30.5,3.4,17% @ 10 kN,,,2020-11-11,Active,https://aki-slacklines.de/en/detail/index/sArticle/188/sCategory/6,2.3 EUR,,,,,,,0,0,4,553; 554; 555; 556,image_files/gear/556.jpg,Nir Avneyon,2021-03-30T22:13:40Z,,https://slackdb.com/gear_details/purple_gold
3148,Nomad,Aki Slacklines,Flat,Polyester,25,38,4,23.5,1.5,4% @ 10 kN,,,2020-11-14,Active,https://aki-slacklines.de/en/webbing/polyester/187/aki-nomad-webbing,1 EUR,,,,,,,0,0,4,549; 550; 551; 552,image_files/gear/552.jpg,Nir Avneyon,2021-03-30T22:16:38Z,,https://slackdb.com/gear_details/nomad
3149,Sonic Light,Aki Slacklines,Core/Sheath,Nylon (Polyamide),25,53,5.4,27,2.8,13% @ 10 kN,,,2020-09-13,Active,https://aki-slacklines.de/en/webbing/polyamide/176/aki-sonic-light-webbing,2.3 EUR,,,,,,,0,0,4,557; 558; 559; 560,image_files/gear/560.jpg,Nir Avneyon,2021-03-30T22:19:07Z,,https://slackdb.com/gear_details/sonic_light
3150,Sky Diamond,Spider slacklines,Flat,Dyneema,17,33,5,35,3.5,3% @ 10 kN,,,,Active,https://spider-slacklines.com/shop/en/highline-webbing/426-2764-sky-diamond-longline-presale.html#/306-select_model-price_by_meter,4.97 EUR,,,,,,,0,0,4,563; 564; 565; 566,image_files/gear/564.jpg,Nir Avneyon,2021-03-30T22:29:08Z,2021-03-30T22:34:37Z,https://slackdb.com/gear_details/sky_diamond
3151,Rodeo,Spider slacklines,Flat,Nylon (Polyamide),25,,5,27,3.5,23.1% @ 10 kN,,,,Active,https://spider-slacklines.com/shop/en/products/344-3723-rodeo-line.html,1.62 EUR,,,,,,,0,0,2,561; 562,image_files/gear/562.jpg,Nir Avneyon,2021-03-30T22:39:16Z,,https://slackdb.com/gear_details/rodeo
3247,Heavy,Balance Community: Slackline Outfitters,Flat,Nylon (Polyamide),25,100,9,45,5,13.12% @ 10 kN,,,2021-06-10,Active,https://www.balancecommunity.com/products/heavy,3.5 USD,,,,,,,0,0,4,800; 801; 802; 803,image_files/gear/803.jpg,Nir Avneyon,2021-07-24T18:03:31Z,,https://slackdb.com/gear_details/heavy
