id,name,manufacturer,Material,Weight (grams),WLL (kN),MBS (kN),Anchor connection type,Webbing connection type,Compatible webbing width (mm),Diverter diameter (mm),Efficiency (%),Usage,ISA approved,Date introduced,Production Status,URL,Price (per unit),Flags,shopUrl,remarks,rating (/10),ratings,reviews,comments,images,image ids,cover image,contributors,created,last edited,slackdb url
502,Bandit FX,Equilibrium Slacklines (EQB),Stainless Steel,207,12,60,Mounting Hole,Captive Pin,24–26,20,85,Slackline; Highline; Longline; Rodeoline; Low Tension lines,,,Discontinued,,43 EUR,,http://www.slackshop.cz/en/lockers/175-eqb-bandit-fx.html,,,,0,0,1,327,image_files/gear/327.jpg,Nir Avneyon; Pla Tin,2017-07-12T21:51:06Z,2020-04-18T21:07:34Z,https://slackdb.com/gear_details/BanditFX
503,Canon SH,Equilibrium Slacklines (EQB),Stainless Steel,515,16,50,Mounting Hole,Quick Pin; Screw Pin,24–26,36,95,Slackline; Highline; Longline; Low Tension lines,,,Discontinued,,,,,,,,0,0,1,497,image_files/gear/497.jpg,Nir Avneyon,2017-07-12T21:51:06Z,2017-07-01T20:22:48Z,https://slackdb.com/gear_details/CanonSH
504,Canon SL,Equilibrium Slacklines (EQB),Stainless Steel,590,16,50,Fixed Bolt; Quick Pin,Quick Pin; Screw Pin,24–26,36,85,Slackline; Highline; Longline; Low Tension lines,,,Discontinued,,1190 CZK,,http://www.slackshop.cz/en/lockers/37-slack-canon.html,,,,0,0,1,498,image_files/gear/498.jpg,Nir Avneyon,2017-07-12T21:51:06Z,2018-11-13T23:03:40Z,https://slackdb.com/gear_details/CanonSL
505,Canon FX,Equilibrium Slacklines (EQB),Stainless Steel,455,18,90,Mounting Hole,Captive Pin,24–26,36,95,Slackline; Highline; Longline; Low Tension lines,,,Discontinued,https://www.slackshop.cz/en/weblocks/24-eqb-canon-fx.html,1599 CZK,,http://www.slackshop.cz/en/lockers/176-eqb-canon-fx.html,,,,0,0,1,328,image_files/gear/328.jpg,Nir Avneyon; Jakub Dostál,2017-07-12T21:51:06Z,2021-03-30T12:35:32Z,https://slackdb.com/gear_details/CanonFX
506,Katana,Equilibrium Slacklines (EQB),Stainless Steel,415,16,80,Mounting Hole,Captive Pin,34–36,24,90,Trickline,,,Discontinued,,47.97 EUR,,http://www.slackshop.cz/en/lockers/165-eqb-katana.html,,,,0,0,3,500; 514; 515,image_files/gear/515.jpg,Nir Avneyon; Jakub Dostál,2017-07-12T21:51:06Z,2024-04-12T16:01:27Z,https://slackdb.com/gear_details/Katana
507,Katana FX,Equilibrium Slacklines (EQB),Stainless Steel,415,16,80,Mounting Hole,Captive Pin,34–36,24,90,Trickline,,,Active,https://www.slackshop.cz/en/weblocks/27-eqb-katana-fx.html,1119 CZK,,http://www.slackshop.cz/en/lockers/179-eqb-katana.html,,,,0,0,1,513,image_files/gear/513.jpg,Nir Avneyon,2017-07-12T21:51:06Z,2024-04-12T16:01:56Z,https://slackdb.com/gear_details/KatanaFX
508,Paddle SL,Equilibrium Slacklines (EQB),Stainless Steel,410,14,50,Fixed Bolt,Quick Pin; Screw Pin,49–51,16,80,Trickline,,,Discontinued,,1090 CZK,,,,,,0,0,0,,,Nir Avneyon,2017-07-12T21:51:06Z,2020-04-18T20:56:24Z,https://slackdb.com/gear_details/PaddleSL
509,Paddle SH,Equilibrium Slacklines (EQB),Stainless Steel,317,14,50,Mounting Hole,Quick Pin; Screw Pin,49–51,16,80,Trickline,,,Discontinued,http://www.slackshop.cz/en/lockers/83-eqb-paddle.html,1090 CZK,,,,,,0,0,1,501,image_files/gear/501.jpg,Nir Avneyon; Jakub Dostál,2017-07-12T21:51:06Z,2021-03-30T12:46:08Z,https://slackdb.com/gear_details/PaddleSH
510,Paddle FX,Equilibrium Slacklines (EQB),Stainless Steel,326,14,70,Mounting Hole,Captive Pin,49–51,16,80,Trickline,,,Active,https://www.slackshop.cz/en/weblocks/25-eqb-paddle-fx.html,1574 CZK,,http://www.slackshop.cz/en/funxion-progear/180-eqb-paddle-fx.html,,,,0,0,4,326; 516; 517; 518,image_files/gear/518.jpg,Nir Avneyon,2017-07-12T21:51:06Z,2024-04-12T18:10:20Z,https://slackdb.com/gear_details/PaddleFX
511,Sherriff,Equilibrium Slacklines (EQB),Stainless Steel,373,12,40,Soft Release,Quick Pin; Screw Pin,24–26,20,85,Slackline; Highline; Longline; Low Tension lines; Soft Release,,,Discontinued,,950 CZK,,,,,,0,0,0,,,Nir Avneyon,2017-07-12T21:51:06Z,2018-11-13T23:33:53Z,https://slackdb.com/gear_details/Sherriff
512,Direct,Equilibrium Slacklines (EQB),Stainless Steel,245,12,40,Mounting Hole,Soft Release,24–26,,,Soft Release,,,Discontinued,,850 CZK,,,,,,0,0,1,499,image_files/gear/499.jpg,Nir Avneyon,2017-07-12T21:51:06Z,2018-11-13T23:00:11Z,https://slackdb.com/gear_details/Direct
513,Zilla 3.0,Landcruising,High Strength Steel,525,18,100,Mounting Hole,Quick Pin,24–26,60,,Slackline; Highline; Longline; Low Tension lines,,,Discontinued,,110 EUR,,,mbs: Larger than,8,1,1,0,1,51,image_files/gear/51.jpg,Nir Avneyon; Moshe Klasovsky,2017-07-12T21:51:06Z,2018-09-10T15:30:28Z,https://slackdb.com/gear_details/Zilla30
514,Lynx 3.0,Landcruising,High Strength Steel,310,12,70,Mounting Hole,Quick Pin,24–26,28,,Slackline; Highline; Longline; Rodeoline; Low Tension lines,,,Discontinued,,,,,mbs: Larger than,,,0,0,1,147,image_files/gear/147.jpg,Nir Avneyon; Helmut Netzwerker,2017-07-12T21:51:06Z,2018-09-10T15:29:44Z,https://slackdb.com/gear_details/Lynx30
515,Lynx 4.0 SH,Landcruising,Aluminum,196,12,75,Mounting Hole,Quick Pin,24–26,36,,Slackline; Highline; Longline; Rodeoline; Low Tension lines,,,Discontinued,,80 EUR,,,mbs: Larger than,9,5,5,0,3,25; 47; 258,image_files/gear/25.jpg,Nir Avneyon; Ilia Oshmiansky; Gat Haneman; Eli Szendro Brown; Radwin Bodnic; Benoit Crera,2017-07-12T21:51:06Z,2018-09-10T15:29:53Z,https://slackdb.com/gear_details/Lynx40SH
516,Lynx 4.0 Vari,Landcruising,Aluminum,230,12,70,Soft Release; Quick Pin,Quick Pin,24–26,36,,Slackline; Highline; Longline; Low Tension lines,,,Discontinued,,90 EUR,,,mbs: Larger than,9,2,2,0,5,23; 24; 50; 258; 264,image_files/gear/23.jpg,Nir Avneyon; Ilia Oshmiansky; Radwin Bodnic,2017-07-12T21:51:06Z,2018-11-13T23:15:39Z,https://slackdb.com/gear_details/Lynx40Vari
517,Puma 2.0,Landcruising,High Strength Steel,350,12,70,Mounting Hole,Quick Pin,31–33,28,,Slackline; Highline; Longline; Rodeoline; Low Tension lines,,,Discontinued,,80 EUR,,,,,,0,0,0,,,Nir Avneyon,2017-07-12T21:51:06Z,2018-09-10T15:30:09Z,https://slackdb.com/gear_details/Puma20
518,Yang,Slackliner.de,Stainless Steel,227,10,30,Mounting Hole,Quick Pin,24–26,,,,,,Discontinued,,,,,,,,0,0,0,,,Nir Avneyon,2017-07-12T21:51:06Z,2018-11-13T23:51:26Z,https://slackdb.com/gear_details/Yang
519,Easylock,Slackliner.de,Stainless Steel,280,10,28.5,Mounting Hole,Quick Pin,24–26,22,75,,,,Discontinued,,,,,mbs: Larger than,,,0,0,0,,,Nir Avneyon,2017-07-12T21:51:06Z,,https://slackdb.com/gear_details/Easylock
520,Equilocker,Slackliner.de,Stainless Steel,380,,34,Mounting Hole,Quick Pin,24–26,34,90,Slackline; Highline; Longline; Rodeoline; Low Tension lines,,,Active,http://www.slackliner.de/Verbindungselemente/Linelocker/Equilocker.html,55.5 EUR,,,mbs: Larger than,,,0,0,2,806; 807,image_files/gear/807.jpg,Nir Avneyon; Helmut Netzwerker,2017-07-12T21:51:06Z,2018-01-09T00:35:02Z,https://slackdb.com/gear_details/Equilocker
521,T-Rig,Elephant,Stainless Steel,320,15,30,Fixed Angled bolt?,Captive Pin,24–26,30,,,,,Discontinued,,95 EUR,,,,,,0,0,1,510,image_files/gear/510.jpg,Nir Avneyon; Helmut Netzwerker,2017-07-12T21:51:06Z,2018-11-13T23:51:05Z,https://slackdb.com/gear_details/TRig
522,Dreamcatcher,One Inch Dreams,Stainless Steel,350,15,,Rotatable Mounting Hole,Captive Pin,24–26,30,,Slackline; Highline; Longline; Rodeoline; Low Tension lines,,,Discontinued,,84.9 EUR,,,,,,0,0,1,511,image_files/gear/511.jpg,Nir Avneyon; Helmut Netzwerker,2017-07-12T21:51:06Z,2020-04-18T22:34:10Z,https://slackdb.com/gear_details/Dreamcatcher
523,Chili,Spider slacklines,Stainless Steel,300,12,50,Mounting Hole,Quick Pin,24–26,,,,,,Discontinued,,,,,,,,0,0,1,504,image_files/gear/504.jpg,Nir Avneyon,2017-07-12T21:51:06Z,,https://slackdb.com/gear_details/Chili
524,Bandit SH,Spider slacklines,Stainless Steel,230,12,36,Mounting Hole,Screw Pin,24–26,20,85,Slackline; Highline; Longline; Rodeoline; Low Tension lines,,,Discontinued,,,,,,,,0,0,0,,,Nir Avneyon,2017-07-12T21:51:06Z,2017-07-01T20:26:30Z,https://slackdb.com/gear_details/BanditSH
524,Bandit SH,Spider slacklines,Stainless Steel,230,12,36,Mounting Hole,Screw Pin,24–26,20,85,Slackline; Highline; Longline; Rodeoline; Low Tension lines,,,Discontinued,,,,,,,,0,0,0,,,Nir Avneyon,2017-07-12T21:51:06Z,2017-07-01T20:26:30Z,https://slackdb.com/gear_details/BanditSH
525,Bandit SL,Spider slacklines,Stainless Steel,293,12,36,Fixed Bolt,Screw Pin,24–26,20,85,Slackline; Highline; Longline; Rodeoline; Low Tension lines,,,Discontinued,,,,,,,,0,0,0,,,Nir Avneyon,2017-07-12T21:51:06Z,2017-07-01T21:31:33Z,https://slackdb.com/gear_details/BanditSL
525,Bandit SL,Spider slacklines,Stainless Steel,293,12,36,Fixed Bolt,Screw Pin,24–26,20,85,Slackline; Highline; Longline; Rodeoline; Low Tension lines,,,Discontinued,,,,,,,,0,0,0,,,Nir Avneyon,2017-07-12T21:51:06Z,2017-07-01T21:31:33Z,https://slackdb.com/gear_details/BanditSL
527,Rhino,Slack Mountain,Stainless Steel,410,20,60,Mounting Hole,Quick Pin,20–27,35,95,Slackline; Highline; Longline; Rodeoline; Low Tension lines,,,Discontinued,,45; 40 (×2) EUR,,,,,,0,0,1,116,image_files/gear/116.jpg,Nir Avneyon; Romain Schempf,2017-07-12T21:51:06Z,2018-11-13T23:19:28Z,https://slackdb.com/gear_details/Rhino
528,Ginkgo,Slack Mountain,Stainless Steel; High Strength Steel,850,30,100,Mounting Hole,Quick Pin; Screw Pin,40–51,30,95,Highline; Trickline,,,Active,https://slack-mountain.com/en/tricklines/166-paire-de-ginkgo-745-l-unite.html,100; 92.5 (×2) EUR,,,,,,0,0,1,111,image_files/gear/111.jpg,Nir Avneyon; Romain Schempf,2017-07-12T21:51:06Z,2024-04-12T15:56:53Z,https://slackdb.com/gear_details/Gingko2
529,SladLock Power,Slack.fr,Stainless Steel; Aluminum,300,10,45,Mounting Hole,Captive Pin,24–26,38,95,Slackline; Highline; Longline; Rodeoline; Low Tension lines,,,Discontinued,,45 EUR,,,,,,0,0,0,,,Nir Avneyon; Helmut Netzwerker,2017-07-12T21:51:06Z,2018-11-13T23:50:18Z,https://slackdb.com/gear_details/SladLockPower
530,Spirit Lock,Line Spirit,Aluminum,180,16,36,Sling,,24–26,,,,,,Discontinued,,,,,,,,0,0,0,,,Nir Avneyon,2017-07-12T21:51:06Z,,https://slackdb.com/gear_details/SpiritLock
531,SlackDuck-DP,Slacktivity,Stainless Steel,350,12,,Quick Pin,Quick Pin,24–26,,,,,,Discontinued,,,,,,,,0,0,0,,,Nir Avneyon,2017-07-12T21:51:06Z,,https://slackdb.com/gear_details/SlackDuckDP
532,SlackDuck,Slacktivity,Stainless Steel,375,12,,Sling,Quick Pin,24–26,,,,,,Discontinued,,,,,,,,0,0,0,,,Nir Avneyon,2017-07-12T21:51:06Z,,https://slackdb.com/gear_details/SlackDuck
533,Alpine WebLock 4.0,Balance Community: Slackline Outfitters,Aluminum,335,12,60,Mounting Hole,Quick Pin,24–26,,100,Slackline; Highline; Longline; Rodeoline; Low Tension lines,,,Discontinued,https://www.balancecommunity.com/blogs/slack-science/tagged/alpine-weblock-4-0,124.95 USD,,,,10,1,1,0,3,49; 61; 62,image_files/gear/62.jpg,Nir Avneyon; Eli Szendro Brown,2017-07-12T21:51:06Z,2024-04-12T14:31:19Z,https://slackdb.com/gear_details/AlpineWebLock40
534,RAGElock,Balance Community: Slackline Outfitters,High Strength Steel,598,12,57,Mounting Hole,Quick Pin,31–33,28.5,95,Trickline,,,Discontinued,http://www.balancecommunity.com/ragelock,119.95 USD,,,,,,0,0,0,,,Nir Avneyon; Helmut Netzwerker,2017-07-12T21:51:06Z,2024-04-12T18:15:09Z,https://slackdb.com/gear_details/RAGElock
535,RamLock,SlackTech,Aluminum,272,9,44,XL Mounting Hole,Quick Pin,24–26,,,Slackline; Highline; Longline; Rodeoline; Low Tension lines,,,Discontinued,https://www.slacklinetechnology.com/shop/ramlock-slackline-anchor,114.95 USD,Integrated Rigging Plate,,,,,0,0,1,509,image_files/gear/509.jpg,Nir Avneyon,2017-07-12T21:51:06Z,2024-04-12T18:18:11Z,https://slackdb.com/gear_details/RamLock
536,RhinoLock,SlackGear,Stainless Steel,775,16,70,Fixed Bolt; Soft Release,Screw Pin,24–26,40,90,,,,Discontinued,http://www.slackgear.co.za/product/rhinolock/,650 ZAR,,,,,,0,0,2,813; 814,image_files/gear/814.jpg,Nir Avneyon,2017-07-12T21:51:06Z,2024-04-12T18:19:59Z,https://slackdb.com/gear_details/RhinoLock
537,BaboonLock,SlackGear,Stainless Steel,360,12,40,Fixed Bolt,Screw Pin,24–26,24,80,Slackline; Highline; Longline; Rodeoline; Low Tension lines,,,Active,http://www.slackgear.co.za/product/baboonlock/,500 ZAR,,,,,,0,0,1,502,image_files/gear/502.jpg,Nir Avneyon,2017-07-12T21:51:06Z,2024-04-12T14:34:35Z,https://slackdb.com/gear_details/BaboonLock
538,Slackibloc 3.1,Slack Inov,High Strength Steel,285,,60,Mounting Hole,Rotatable Side Plates,24–26,30,,Slackline; Highline; Longline; Rodeoline; Low Tension lines,,,Active,https://slack-inov.com/gb/gear/95-slackiblock-31,50 EUR,,,,,,0,0,0,,,Nir Avneyon,2017-07-12T21:51:06Z,2018-11-13T23:36:56Z,https://slackdb.com/gear_details/Slackibloc31
539,Slackibloc Jump 1.2,Slack Inov,High Strength Steel,580,,95,Double Mounting Hole,Rotatable Side Plates,24–51,30,,Trickline,,,Discontinued,,60 EUR,,,,,,0,0,0,,,Nir Avneyon,2017-07-12T21:51:06Z,2018-11-14T00:07:22Z,https://slackdb.com/gear_details/SlackiblocJump12
540,LineLock AL MK4,Slack Pro!,Aluminum,197,15,45,Fixed Bolt; Soft Release; Sling; Pin Locked Bolt,Captive Pin,24–26,22,,Slackline; Highline; Longline; Rodeoline; Low Tension lines,,,Active,https://www.linegrip.com/shop/slackpro-linelock-al/,76.3 EUR,,,,,,0,0,1,506,image_files/gear/506.jpg,Nir Avneyon,2017-07-12T21:51:06Z,2024-04-12T16:04:36Z,https://slackdb.com/gear_details/LineLockALMKIII
541,LineLock VA MKIII,Slack Pro!,High Strength Steel,330,15,45,Fixed Bolt; Sling; Pin Locked Bolt,Captive Pin,24–26,22,,Slackline; Highline; Longline; Rodeoline; Low Tension lines,,,Discontinued,,59.9 EUR,,,,,,0,0,0,,,Nir Avneyon,2017-07-12T21:51:06Z,2018-11-13T23:15:19Z,https://slackdb.com/gear_details/LineLockVAMKIII
542,Frog,Slack Mountain,Stainless Steel; High Strength Steel,296,15,60,Mounting Hole; Sling; XL Mounting Hole,Quick Pin,20–27,60,98,Slackline; Highline; Longline; Rodeoline; Low Tension lines,,,Active,https://slack-mountain.com/en/webbing-anchor/231-4047-frogx.html,79; 67.5 (×2) EUR,,,weight: 283-297 grams depending on version,10,1,1,0,1,110,image_files/gear/110.jpg,Nir Avneyon; Romain Schempf; Johanna Glasse,2017-07-12T21:51:06Z,2024-04-12T15:53:19Z,https://slackdb.com/gear_details/Frog
543,Constat weblock,Petram Slacklines,Polycarbonate,60,2.5,7.5,Mounting Hole,Captive Pin,24–26,,,Rodeoline,,,Discontinued,,13.9 EUR,,,,,,0,0,0,,,Nir Avneyon,2017-07-12T21:51:06Z,2020-04-18T18:23:44Z,https://slackdb.com/gear_details/Constatweblock
544,BANANA! 2.0,Slack house,Stainless Steel; Aluminum,228,10,50,Mounting Hole,Captive Pin,24–26,20,85,Slackline; Highline; Longline; Rodeoline; Low Tension lines,,,Discontinued,,135 PLN,,,,9,1,0,0,1,77,image_files/gear/77.jpg,Nir Avneyon; Eli Szendro Brown,2017-07-12T21:51:06Z,2024-04-12T14:36:04Z,https://slackdb.com/gear_details/BANANA
544,BANANA! 2.0,Slack house,Stainless Steel; Aluminum,228,10,50,Mounting Hole,Captive Pin,24–26,20,85,Slackline; Highline; Longline; Rodeoline; Low Tension lines,,,Discontinued,,135 PLN,,,,9,1,1,0,1,77,image_files/gear/77.jpg,Nir Avneyon; Eli Szendro Brown,2017-07-12T21:51:06Z,2024-04-12T14:36:04Z,https://slackdb.com/gear_details/BANANA
545,SeaHorse DP 1,Slacktivity,Aluminum,314,12,60,Sling,Quick Pin,20–27,36,,Slackline; Highline; Longline; Rodeoline; Low Tension lines,,,Discontinued,,89.95 EUR,Integrated Rigging Plate; Webbing Holder,,mbs: 36kN using the provided sling | webbingWidth: for < 24mm spacers are required,,,0,0,4,416; 487; 488; 575,image_files/gear/575.jpg,Nir Avneyon; Joosep Ress; Thomas Buckingham,2017-07-12T21:51:06Z,2021-05-26T10:49:40Z,https://slackdb.com/gear_details/SeaHorses
546,SeaHorse DP 1.5,Slacktivity,Aluminum,260,12,60,Soft Release; Quick Pin; Sling; XL Mounting Hole,Quick Pin,19–27,36,,,yes,,Active,https://slacktivity.com/shop/slacktivity-seahorse/,130 EUR,Integrated Rigging Plate; Webbing Holder,,mbs: 36kN using the provided sling | webbingWidth: for < 24mm spacers are required,9,1,1,0,4,11; 12; 576; 577,image_files/gear/577.jpg,Nir Avneyon; Eli Szendro Brown; Thomas Buckingham,2017-07-12T21:51:06Z,2024-04-12T18:35:12Z,https://slackdb.com/gear_details/SeaHorsesDP
547,PureLock,Pure Slacklines,Aluminum,243,12,60,Integrated Shackle,Captive Sliding Pin,24–26,,,Slackline; Highline; Longline; Rodeoline; Low Tension lines,,2016-10-09,Discontinued,,129 USD,,,,,,0,0,0,,,Nir Avneyon,2017-07-12T21:51:06Z,2020-04-19T10:16:53Z,https://slackdb.com/gear_details/PureLock
548,Beast 1.0,Absolute Slacklines,Stainless Steel,347,15,60,Mounting Hole,Captive Pin,24–26,30,,Slackline; Highline; Longline; Rodeoline; Low Tension lines,,,Discontinued,,104.99; 99.99 (×2) CAD,,,,,,0,0,1,503,image_files/gear/503.jpg,Nir Avneyon,2017-07-12T21:51:06Z,2020-04-18T22:49:07Z,https://slackdb.com/gear_details/Beast10
549,CHILI 2.0,Spider slacklines,Stainless Steel,275,15,70,Mounting Hole,Captive Pin,24–26,,,Slackline; Highline; Longline; Rodeoline; Low Tension lines,,,Discontinued,,49.95; 45.95 (≥2); 42.95 (≥4) EUR,,,,,,0,0,1,505,image_files/gear/505.jpg,Nir Avneyon,2017-07-12T21:51:06Z,2024-04-12T14:53:57Z,https://slackdb.com/gear_details/CHILI20
550,Catlock SR,Cat on slack,Stainless Steel,280,10,50,Fixed Bolt; Soft Release,Captive Pin,24–26,25,,Slackline; Highline; Longline; Low Tension lines,,,Discontinued,,158 PLN,,,,,,0,0,2,281; 282,image_files/gear/282.jpg,Nir Avneyon; Michał Guz,2017-07-12T21:51:06Z,2024-04-12T14:51:29Z,https://slackdb.com/gear_details/CatlockSR
551,Catlock classic,Cat on slack,Stainless Steel,312,12,60,Mounting Hole,Captive Pin,24–26,30,86,Slackline; Highline; Longline; Rodeoline; Low Tension lines,,,Active,https://catonslack.com/product/35390452-slackline-weblock-catlock-classic,37.5 (×1); 33.75 (≥2) EUR,,,,7,1,1,0,3,59; 279; 280,image_files/gear/280.jpg,Nir Avneyon; Raz Rimon; Michał Guz,2017-07-12T21:51:06Z,2024-04-12T14:42:50Z,https://slackdb.com/gear_details/Catlock
552,Catlock Pro,Cat on slack,Stainless Steel,340,12,60,Mounting Hole; Rotatable Mounting Hole,Quick Pin,24–26,30,86,Slackline; Highline; Longline; Rodeoline; Low Tension lines,,2018-02-28,Discontinued,,204 PLN,,,,,,0,0,1,278,image_files/gear/278.jpg,Nir Avneyon; Michał Guz,2017-07-12T21:51:06Z,2024-04-12T14:51:07Z,https://slackdb.com/gear_details/CatlockPro
553,Catlock mini,Cat on slack,Stainless Steel; Aluminum,225,10,50,Mounting Hole,Quick Pin,24–26,25,,Slackline; Highline; Longline; Rodeoline; Low Tension lines,,,Active,https://catonslack.com/product/34629326-slackline-weblock-catlock-mini,44.95 (×1); 42.5 (≥2) EUR,,,,,,0,0,3,34; 35; 47,image_files/gear/34.jpg,Nir Avneyon; Michał Guz,2017-07-12T21:51:06Z,2024-04-12T14:49:22Z,https://slackdb.com/gear_details/CatlockPromini
554,PRO Weblock,Raed Slacklines,High Strength Steel,306,15,100,Other; Soft Release; Quick Pin,Quick Pin; Removable pin,24–26,35,,Slackline; Highline; Longline; Rodeoline; Low Tension lines,,,Discontinued,https://raed-slacklines.com/pro-weblock,119.95 EUR,,,,,,0,0,5,85; 86; 87; 90; 91,image_files/gear/91.jpg,Nir Avneyon; Stephan Chalkowski; Helmut Netzwerker,2017-07-12T21:51:06Z,2024-04-12T18:14:11Z,https://slackdb.com/gear_details/PROWeblock
555,LINK,ZERGE outdoor,Stainless Steel,328,15,70,Mounting Hole,Quick Pin,24–26,28,,,,,Discontinued,,,,,mbs: Larger than,,,0,0,0,,,Nir Avneyon,2017-07-12T21:51:06Z,,https://slackdb.com/gear_details/LINK
556,Campo weblock,Petram Slacklines,Stainless Steel,225,10,50,Mounting Hole,Captive Pin,24–26,25,,Slackline; Highline; Longline; Rodeoline; Low Tension lines,,,Discontinued,,33.9 EUR,,,,,,0,0,2,65; 66,image_files/gear/66.jpg,Nir Avneyon,2017-07-12T21:51:06Z,2020-04-18T21:05:42Z,https://slackdb.com/gear_details/Campoweblock
557,Solveris weblock,Petram Slacklines,Stainless Steel,295,10,50,Soft Release,Captive Pin,24–26,25,,Slackline; Highline; Longline; Rodeoline; Low Tension lines,,,Discontinued,,33.9 EUR,,,,,,0,0,2,67; 68,image_files/gear/68.jpg,Nir Avneyon,2017-07-12T21:51:06Z,2020-04-18T23:10:46Z,https://slackdb.com/gear_details/Solverisweblock
558,Fortis weblock,Petram Slacklines,Stainless Steel,365,14,70,Mounting Hole,Screw Pin,49–51,15,,Trickline,,,Discontinued,,39.9 EUR,,,,,,0,0,4,70; 71; 72; 73,image_files/gear/73.jpg,Nir Avneyon; Kuba Bałdych,2017-07-12T21:51:06Z,2020-04-18T19:47:04Z,https://slackdb.com/gear_details/Fortisweblock
559,Xylon,Pump Slackline,Stainless Steel,280,15,38,Sling,Captive Pin,24–26,,,,,,Discontinued,,,,,,,,0,0,0,,,Nir Avneyon,2017-07-12T21:51:06Z,2020-04-18T19:07:38Z,https://slackdb.com/gear_details/Xylon
560,Paddle Linelock,Spider slacklines,Stainless Steel,317,14,50,Mounting Hole,Screw Pin,49–51,,,Trickline,,,Discontinued,,42.95 EUR,,,,,,0,0,0,,,Nir Avneyon,2017-07-12T21:51:06Z,2018-11-13T20:19:13Z,https://slackdb.com/gear_details/PaddleLinelock
561,Lime,Spider slacklines,Stainless Steel; Aluminum,275,12,48,Mounting Hole,Captive Pin,24–26,,,Slackline; Highline; Longline; Rodeoline; Low Tension lines,,,Discontinued,,39.95; 36.95 (≥2); 33.95 (≥4) EUR,,,,,,0,0,2,507; 508,image_files/gear/508.jpg,Nir Avneyon,2017-07-12T21:51:06Z,2024-04-12T16:02:54Z,https://slackdb.com/gear_details/LimeLinelock
562,Sherriff FX,Equilibrium Slacklines (EQB),Stainless Steel,326,12,60,Soft Release,Captive Pin,24–26,20,,Slackline; Highline; Longline; Low Tension lines; Soft Release,,,Discontinued,,1599 CZK,,http://www.slackshop.cz/en/lockers/177-slack-sheriff.html,,,,0,0,3,325; 519; 520,image_files/gear/520.jpg,Nir Avneyon,2017-07-12T21:51:06Z,2024-04-12T18:35:49Z,https://slackdb.com/gear_details/SherriffFX
563,Catlock SR PRO,Cat on slack,Stainless Steel,340,12,65,Soft Release; Quick Pin,Quick Pin,24–26,30,,Slackline; Highline; Longline; Rodeoline; Low Tension lines; Soft Release,,,Discontinued,,265 PLN,,,,,,0,0,4,283; 284; 285; 286,image_files/gear/286.jpg,Nir Avneyon; Michał Guz,2017-07-12T21:51:06Z,2024-04-12T14:51:38Z,https://slackdb.com/gear_details/CatlockSRPRO
3012,Slackibloc 4,Slack Inov,Aluminum,165,,60,Mounting Hole,Quick Pin,24–26,,,Slackline; Highline; Longline; Rodeoline; Low Tension lines,,,Discontinued,,60 EUR,,,,7,2,2,0,3,109; 565; 566,image_files/gear/109.jpg,Nir Avneyon; Radwin Bodnic; Benoit Crera,2017-07-12T21:51:06Z,2024-04-12T18:38:23Z,https://slackdb.com/gear_details/slackibloc_4
3018,Spatium weblock,Petram Slacklines,Stainless Steel,325,14,70,Mounting Hole; XL Mounting Hole,Captive Pin,24–26,36,95,Slackline; Highline; Longline; Rodeoline; Low Tension lines,,,Discontinued,,39.9 EUR,,,,,,0,0,2,107; 108,image_files/gear/108.jpg,Kuba Bałdych; Nir Avneyon,2017-08-02T19:56:19Z,2020-04-19T07:23:53Z,https://slackdb.com/gear_details/petram_slacklinesspatiumweblock
3019,Ginkgo Quickpin,Slack Mountain,Stainless Steel,783,20,110,Mounting Hole,Quick Pin,40–51,35,95,Trickline,,,Discontinued,,69 (≥2) EUR,,,,,,0,0,1,115,image_files/gear/115.jpg,Romain Schempf; Nir Avneyon,2017-08-04T09:23:36Z,2024-04-12T15:57:56Z,https://slackdb.com/gear_details/ginkgo_quickpin
3021,Zilla 2.0,Landcruising,Aluminum,530,16,70,Sling,Quick Pin,24–26,36,98,Slackline; Longline,,2010-12-31,Discontinued,,,,,,,,0,0,1,152,image_files/gear/152.jpg,Helmut Netzwerker; Nir Avneyon,2017-08-06T18:37:34Z,2018-09-10T15:30:18Z,https://slackdb.com/gear_details/zilla_20
3022,Zilla 1.0,Landcruising,Stainless Steel,680,15,40,Fixed Angled bolt?; Sling; Double Mounting Hole; Integrated Shackle,Quick Pin,24–26,30,94,Slackline; Longline,,2009-12-31,Discontinued,,,,,,,,0,0,2,491; 512,image_files/gear/512.jpg,Helmut Netzwerker; Nir Avneyon,2017-08-07T06:54:40Z,2018-09-10T15:30:42Z,https://slackdb.com/gear_details/zilla_10
3023,Lynx 2.1,Landcruising,High Strength Steel,290.2,12,48,Sling,Quick Pin,24–26,22,,Slackline; Longline,,2010-12-31,Discontinued,,,,,,,,0,0,1,490,image_files/gear/490.jpg,Helmut Netzwerker; Nir Avneyon,2017-08-07T06:58:37Z,2018-09-10T15:29:38Z,https://slackdb.com/gear_details/lynx_21
3024,Lynx 1,Landcruising,Stainless Steel,240,10,,Fixed Angled bolt?; Sling,Quick Pin; Removable pin,24–26,14,,Slackline; Longline,,2009-12-31,Discontinued,,,,,,,,0,0,1,489,image_files/gear/489.jpg,Helmut Netzwerker; Nir Avneyon,2017-08-07T07:02:14Z,2018-09-10T15:29:31Z,https://slackdb.com/gear_details/lynx_1
3039,Aeris P Weblock,Petram Slacklines,Stainless Steel; High Strength Steel; Aluminum,185,10,50,Quick Pin,Quick Pin,24–27,35,90,Slackline; Highline; Longline; Rodeoline; Low Tension lines; Soft Release,,2017-09-22,Active,https://petramslacklines.site123.me/shop-1/aeris-p-weblock-2,84.4 EUR,,,,,,0,0,4,220; 221; 222; 224,image_files/gear/222.jpg,Kuba Bałdych; Nir Avneyon,2017-09-28T20:35:38Z,2024-04-12T14:27:07Z,https://slackdb.com/gear_details/aeris_pweblock
3040,Aeris Weblock,Petram Slacklines,Stainless Steel; High Strength Steel; Aluminum,180,12,60,Fixed Bolt,Captive Pin,24–26,35,90,Slackline; Highline; Longline; Rodeoline; Low Tension lines; Soft Release,,2017-09-22,Active,https://petramslacklines.site123.me/shop-1/aeris-weblock-2,49.9 EUR,,,,,,0,0,4,217; 218; 219; 223,image_files/gear/219.jpg,Kuba Bałdych; Nir Avneyon,2017-09-28T20:37:20Z,2024-04-12T14:28:38Z,https://slackdb.com/gear_details/aeris_weblock
3041,LineLock mini,Krok,High Strength Steel; Aluminum,175,30,60,Mounting Hole,Captive Pin,24–26,,,,,2017-09-30,Active,https://krok.biz/slackline/layn-lok-mini,1730 RUB,,,,,,0,0,4,225; 226; 227; 228,image_files/gear/226.jpg,Nir Avneyon; Shizz Wh,2017-10-01T11:54:49Z,2024-04-12T16:05:44Z,https://slackdb.com/gear_details/linelock_mini
3046,Rhino Minion,Slack Mountain,Stainless Steel,281,15,60,Mounting Hole; XL Mounting Hole,Quick Pin,20–26,33.4,95,Slackline; Highline; Longline; Rodeoline; Low Tension lines,,2017-12-10,Discontinued,https://slack-mountain.com/fr/bloqueur-longline-highline/190-rhino-minion.html,57.9 (×1); 55 (≥2) EUR,,,,,,0,0,1,308,image_files/gear/308.jpg,Romain Schempf; Nir Avneyon,2017-12-17T18:56:18Z,2024-04-12T18:18:45Z,https://slackdb.com/gear_details/minion
3047,RODEO weblock,Raed Slacklines,Aluminum,57,4,17,Mounting Hole,Quick Pin,24–26,30,90,Rodeoline,,2017-12-19,Discontinued,,64.95 EUR,,,,,,0,0,1,262,image_files/gear/262.jpg,Nir Avneyon; Stephan Chalkowski; Helmut Netzwerker,2017-12-20T18:43:40Z,2024-04-12T18:27:45Z,https://slackdb.com/gear_details/rodeo_weblock
3057,Rowan 1.0 Captive pin,Souz Slackline,Aluminum,190,12,50,Mounting Hole,Captive Pin,24–26,30,,,,2018-08-02,Discontinued,,30 USD,,,,,,0,0,2,312; 313,image_files/gear/313.jpg,Nir Avneyon,2018-09-26T22:55:19Z,2020-04-18T20:16:47Z,https://slackdb.com/gear_details/rowan_10captivepin
3058,Rowan 1.0 Captive Pin Light,Souz Slackline,Aluminum,141,7,35,Mounting Hole,Captive Pin,24–26,30,,Rodeoline; Low Tension lines,,2018-08-02,Discontinued,,40 USD,,,,,,0,0,0,,,Nir Avneyon; Thomas Buckingham,2018-09-26T22:58:13Z,2020-10-18T20:12:35Z,https://slackdb.com/gear_details/rowan_10captivepinlight
3059,Rowan 1.1,Souz Slackline,Aluminum,187,12,50,Mounting Hole,Quick Pin,24–26,30,,,,2018-08-02,Discontinued,,43.49 USD,,,,,,0,0,2,314; 315,image_files/gear/315.jpg,Nir Avneyon; Thomas Buckingham,2018-09-26T23:00:33Z,2020-10-18T20:12:13Z,https://slackdb.com/gear_details/rowan_10quickpin
3060,Rowan 1.3,Souz Slackline,Aluminum,270,12,50,Soft Release; Quick Pin,Quick Pin,24–26,30,,,,2018-08-02,Discontinued,,52.49 USD,,,,,,0,0,3,316; 317; 319,image_files/gear/319.jpg,Nir Avneyon,2018-09-26T23:02:23Z,2024-04-12T18:30:38Z,https://slackdb.com/gear_details/rowan_10softrelease
3064,LIime SR,Spider slacklines,High Strength Steel; Aluminum,220,12,48,Sling,Soft Release; Captive Pin,24–26,,,,,,Discontinued,,42.95; 39.95 (≥2); 36.95 (≥4) EUR,,,,,,0,0,0,,,Nir Avneyon,2018-11-13T20:28:48Z,2020-04-18T18:22:56Z,https://slackdb.com/gear_details/liime_sr
3065,Mint,Spider slacklines,High Strength Steel; Aluminum,275,12,70,Mounting Hole,Captive Pin,49–51,,,Trickline,,,Discontinued,,49.95; 45.95 (≥2); 42.95 (≥4) EUR,,,,,,0,0,0,,,Nir Avneyon,2018-11-13T20:31:12Z,2024-04-12T16:11:51Z,https://slackdb.com/gear_details/mint
3069,Slackijump,Slack Inov,High Strength Steel,517,12,100,Mounting Hole,Captive Sliding Pin,49–51,,,Trickline,,2018-07-18,Discontinued,,65 EUR,,,,,,0,0,0,,,Nir Avneyon,2018-11-13T23:44:58Z,2024-04-12T18:40:48Z,https://slackdb.com/gear_details/slackijump
3070,Rowan 1.0 (31mm),Souz Slackline,Aluminum,175,12,55,Mounting Hole; XL Mounting Hole,Captive Pin,29–32,,,,,,Discontinued,,25.5 USD,,,,,,0,0,3,309; 310; 311,image_files/gear/311.jpg,Nir Avneyon,2018-11-13T23:48:26Z,2020-04-18T18:01:44Z,https://slackdb.com/gear_details/rowan_1031mm
3071,Ginkgo Mini,Slack Mountain,Stainless Steel,560,20,105,Mounting Hole,Quick Pin,30–51,26,,Trickline,,,Discontinued,,65 (×1); 60 (≥2) EUR,,,,,,0,0,1,307,image_files/gear/307.jpg,Nir Avneyon,2018-11-14T00:06:19Z,2024-04-12T15:54:05Z,https://slackdb.com/gear_details/ginkgo_mini
3079,Mithril - Quick Pin,Equilibrium Slacklines (EQB),Aluminum,175,8,40,Quick Pin,Quick Pin,24–26,,,Slackline; Highline; Longline,,,Active,https://www.slackshop.cz/en/weblocks/145-350-eqb-mithril.html#/165-pin_version-quick_pin,2149 CZK,,,,,,0,0,2,333; 341,image_files/gear/341.jpg,Nir Avneyon; Jakub Dostál,2019-05-23T14:34:32Z,2024-04-12T16:14:16Z,https://slackdb.com/gear_details/mithril
3081,MultiLock,Aki Slacklines,Aluminum,270,,60,Quick Pin,Quick Pin,24–26,,,,,2019-05-26,Discontinued,,,,,,,,0,0,1,334,image_files/gear/334.jpg,Nir Avneyon,2019-07-14T22:08:32Z,2024-04-12T16:16:45Z,https://slackdb.com/gear_details/multilock
3085,Mithril - Pull Pin,Equilibrium Slacklines (EQB),Aluminum,165,8,40,Pull pin,Pull pin,24–26,,,Slackline; Highline; Longline,,,Active,https://www.slackshop.cz/en/weblocks/145-349-eqb-mithril.html#/164-pin_version-pull_pin,1599 CZK,,,,,,0,0,1,342,image_files/gear/342.jpg,Nir Avneyon; Jakub Dostál,2019-08-03T11:54:43Z,2024-04-12T16:13:42Z,https://slackdb.com/gear_details/mithril_-pullpin
3089,Alpine WebLock 5.0,Balance Community: Slackline Outfitters,Aluminum,188,12,60,Soft Release; XL Mounting Hole,Quick Pin,24–26,28.6,,,yes,2020-01-23,Discontinued,https://www.balancecommunity.com/products/alpine-weblock-5,129 USD,,,,,,0,0,4,354; 355; 356; 357,image_files/gear/357.jpg,Nir Avneyon; Thomas Buckingham,2020-01-25T21:30:56Z,2024-04-12T14:33:51Z,https://slackdb.com/gear_details/alpine_weblock50
3106,Rowan 3.1,Souz Slackline,Stainless Steel,185,12,55,Mounting Hole,Captive Pin,24–26,25,,,,,Discontinued,,2316 RUB,,,,,,0,0,1,395,image_files/gear/395.jpg,Nir Avneyon,2020-04-18T18:06:20Z,2024-04-12T18:31:41Z,https://slackdb.com/gear_details/rowan_31
3107,Rowan 3.1T,Souz Slackline,Stainless Steel,275,12,50,Mounting Hole,Captive Pin,49–51,25,,Trickline,,,Discontinued,,2914 RUB,,,,,,0,0,1,394,image_files/gear/394.jpg,Nir Avneyon,2020-04-18T18:07:23Z,2024-04-12T18:30:54Z,https://slackdb.com/gear_details/rowan_31t
3108,Rowan 3.2,Souz Slackline,Stainless Steel,200,12,50,Mounting Hole,Quick Pin,24–26,25,,,,,Discontinued,,3213 RUB,,,,,,0,0,1,393,image_files/gear/393.jpg,Nir Avneyon,2020-04-18T18:08:27Z,2024-04-12T18:31:28Z,https://slackdb.com/gear_details/rowan_32
3109,Rowan 3.3,Souz Slackline,Stainless Steel,240,12,50,Quick Pin,Quick Pin,24–26,25,,,,,Discontinued,,4632 RUB,,,,,,0,0,1,392,image_files/gear/392.jpg,Nir Avneyon,2020-04-18T18:09:27Z,2024-04-12T18:31:14Z,https://slackdb.com/gear_details/rowan_33
3117,BANANA! 3.0 SR,Slack house,Stainless Steel; Aluminum,262,10,50,Soft Release,Captive Sliding Pin,24–26,20,83,,,,Active,https://slackhouseshop.pl/en/produkt/banana-3-0-sr/,278 (×1) PLN,,,,,,0,0,1,406,image_files/gear/406.jpg,Nir Avneyon,2020-04-19T09:51:26Z,2024-04-12T14:37:24Z,https://slackdb.com/gear_details/banana_30sr
3118,BANANA! 3.1,Slack house,Stainless Steel; Aluminum,233,10,50,Mounting Hole,Captive Pin,24–26,22,85,,,,Active,https://slackhouseshop.pl/en/produkt/banana-3-1-weblock/,245 PLN,,,,,,0,0,1,405,image_files/gear/405.jpg,Nir Avneyon,2020-04-19T09:53:02Z,2024-04-12T14:38:18Z,https://slackdb.com/gear_details/banana_31
3133,Pirat PP,Equilibrium Slacklines (EQB),Stainless Steel,265,10,50,Mounting Hole,Pull pin,,26,,Slackline; Highline; Longline,,,Active,https://www.slackshop.cz/en/weblocks/155-369-eqb-pirat.html#/164-pin_version-pull_pin,1409 (×1) CZK,,,,,,0,0,1,521,image_files/gear/521.jpg,Jakub Dostál; Nir Avneyon,2021-03-30T12:51:45Z,2024-04-12T18:11:29Z,https://slackdb.com/gear_details/eqb_piratpp
3134,Pirat QP,Equilibrium Slacklines (EQB),Stainless Steel,265,10,50,Mounting Hole,Quick Pin,24–26,24,,Slackline; Highline; Longline,,,Active,https://www.slackshop.cz/en/weblocks/155-368-eqb-pirat.html#/165-pin_version-quick_pin,1879 (×1) CZK,,,,,,0,0,1,593,image_files/gear/593.jpg,Jakub Dostál; Nir Avneyon,2021-03-30T13:07:46Z,2024-04-12T18:12:53Z,https://slackdb.com/gear_details/pirar_qp
3135,Linelocker,Equilibrium Slacklines (EQB),Aluminum,24,6,35,,,,,,,,,Active,https://www.slackshop.cz/cs/kotvitka/132-linelocker.html,219 (×1) CZK,,,,,,0,0,2,808; 809,image_files/gear/809.jpg,Jakub Dostál; Nir Avneyon,2021-03-30T13:17:48Z,2024-04-12T16:06:41Z,https://slackdb.com/gear_details/linelocker
3152,Slackibloc SR Pull pin,Slack Inov,Aluminum,173,15,50,Pull pin,Pull pin,24–26,,,,,,Discontinued,,59.95 EUR,,,,,,0,0,1,573,image_files/gear/573.jpg,Nir Avneyon,2021-03-30T23:02:29Z,2024-04-12T18:39:59Z,https://slackdb.com/gear_details/slackibloc_sr
3153,Slackibloc SR Quick Pin,Slack Inov,Aluminum,173,15,50,Quick Pin,Quick Pin,24–26,,,,,,Discontinued,,84.54 EUR,,,,,,0,0,1,574,image_files/gear/574.jpg,Nir Avneyon,2021-03-30T23:06:14Z,2024-04-12T18:40:04Z,https://slackdb.com/gear_details/slackibloc_srquickpin
3154,SeaHorse Sling 1,Slacktivity,Aluminum,,,,Sling,,,,,Slackline; Highline; Longline; Rodeoline; Low Tension lines,,,Discontinued,,109 (×1) CHF,,,,,,0,0,0,,,Thomas Buckingham,2021-04-03T07:38:32Z,,https://slackdb.com/gear_details/seahorse_sling1
3248,RODEO weblock,Raed Slacklines,Aluminum,57,,17,Sling,Quick Pin,24–26,,,Rodeoline,,2021-07-23,Active,https://raed-slacklines.com/rodeo-weblock,65 EUR,,,,,,0,0,3,798; 799; 804,image_files/gear/804.jpg,Nir Avneyon,2021-07-24T18:09:01Z,,https://slackdb.com/gear_details/rodeo_weblock_1
3249,Lynx 5,Aki Slacklines,Aluminum,210,12,72,Quick Pin,Quick Pin,24–26,36,,,yes,2021-07-21,Active,https://aki-slacklines.de/en/hardware/weblocks/203/aki-lynx-5-webbing-locker,134.95 EUR,,,,,,0,0,3,795; 796; 797,image_files/gear/797.jpg,Nir Avneyon,2021-07-24T18:13:51Z,2024-04-12T16:10:26Z,https://slackdb.com/gear_details/lynx_5
3251,Orange,Radrigs,Aluminum,380,12,50,Sling,Removable pin,24–26,,,Slackline; Highline; Longline,yes,,Active,https://www.radrigs.co.uk/product-page/orange,100 (×1) GBP,,,,,,0,0,3,810; 811; 812,image_files/gear/812.jpg,Thomas Buckingham,2024-02-15T09:40:27Z,,https://slackdb.com/gear_details/orange_1
3252,KingPin,Slacktivity,Aluminum,153,4,17,Integrated Shackle,Quick Pin,19–20,,,,,,Active,https://slacktivity.com/shop/kingpin-weblock/,60 EUR,,,,,,0,0,1,819,image_files/gear/819.jpg,Nir Avneyon,2024-04-12T19:01:10Z,,https://slackdb.com/gear_details/kingpin
3253,TiLock 19mm,Raed Slacklines,Titanium,,,,Quick Pin,Quick Pin,24–26,,,,,,Active,https://raed-slacklines.com/tilock,229.95 EUR,,,,,,0,0,0,,,Nir Avneyon,2024-04-12T19:21:45Z,2024-04-12T19:23:11Z,https://slackdb.com/gear_details/tilock_19mm
3254,TiLock 25mm,Raed Slacklines,Titanium,,,,Quick Pin,Quick Pin,24–26,,,,,,Active,https://raed-slacklines.com/tilock,229.95 EUR,,,,,,0,0,2,817; 818,image_files/gear/818.jpg,Nir Avneyon,2024-04-12T19:22:54Z,,https://slackdb.com/gear_details/tilock_25mm
3255,Alpine WebLock 6.1,Balance Community: Slackline Outfitters,Aluminum,210,12,84,XL Mounting Hole,Quick Pin,24–26,38,,,,,Active,https://www.balancecommunity.com/collections/webbing-anchors/products/alpine-weblock-6-0,139 USD,,,,,,0,0,1,815,image_files/gear/815.jpg,Nir Avneyon,2024-04-12T19:46:23Z,,https://slackdb.com/gear_details/alpine_weblock61
3256,Alpine WebLock 6.1 20mm,Balance Community: Slackline Outfitters,Aluminum,210,12,84,XL Mounting Hole,Quick Pin,19–20,38,,,,,Active,https://www.balancecommunity.com/collections/webbing-anchors/products/alpine-weblock-6-0,139 USD,,,,,,0,0,1,820,image_files/gear/820.jpg,Nir Avneyon,2024-04-12T19:47:57Z,,https://slackdb.com/gear_details/alpine_weblock6120mm
